repo_id,onnx_file,repo_mb,downloaded_mb,n_syntactic,n_admitted,epsilon,verdict,verify_sec,status
sentence-transformers/all-MiniLM-L6-v2,onnx/model.onnx,931.7,931.7,0,0,0.0,add-DGP-CLASS-NEGATIVE,114.7,ok
cross-encoder/ms-marco-MiniLM-L6-v2,onnx/model.onnx,848.9,848.9,0,0,0.0,add-DGP-CLASS-NEGATIVE,96.7,ok
BAAI/bge-small-en-v1.5,onnx/model.onnx,382.5,382.5,0,0,0.0,add-DGP-CLASS-NEGATIVE,52.4,ok
colbert-ir/colbertv2.0,model.onnx,1252.8,1252.8,0,0,0.0,add-DGP-CLASS-NEGATIVE,126.4,ok
BAAI/bge-base-en-v1.5,onnx/model.onnx,1252.0,1252.0,0,0,0.0,add-DGP-CLASS-NEGATIVE,129.4,ok
nomic-ai/nomic-embed-text-v1,onnx/model.onnx,1698.3,1698.3,12,12,0.0,add-DGP-CLASS-NEGATIVE,179.8,ok
sentence-transformers/paraphrase-MiniLM-L6-v2,onnx/model.onnx,845.0,845.0,0,0,0.0,add-DGP-CLASS-NEGATIVE,100.8,ok
distilbert/distilbert-base-uncased-finetuned-sst-2-english,onnx/model.onnx,1278.6,1278.6,0,0,0.0,add-DGP-CLASS-NEGATIVE,134.1,ok
sentence-transformers/all-MiniLM-L12-v2,onnx/model.onnx,1243.8,1243.8,0,0,0.0,add-DGP-CLASS-NEGATIVE,140.9,ok
patrickjohncyh/fashion-clip,onnx/model.onnx,1739.0,1739.0,24,24,0.0,add-DGP-CLASS-NEGATIVE,192.6,ok
Xenova/all-MiniLM-L6-v2,onnx/model.onnx,328.0,328.0,0,0,0.0,add-DGP-CLASS-NEGATIVE,43.8,ok
cross-encoder/ms-marco-MiniLM-L4-v2,onnx/model.onnx,716.0,716.0,0,0,0.0,add-DGP-CLASS-NEGATIVE,87.2,ok
answerdotai/answerai-colbert-small-v1,model.onnx,853.4,853.4,0,0,0.0,add-DGP-CLASS-NEGATIVE,96.1,ok
Xenova/bge-base-en-v1.5,onnx/model.onnx,1309.7,1309.7,0,0,0.0,add-DGP-CLASS-NEGATIVE,136.0,ok
cross-encoder/ms-marco-MiniLM-L12-v2,onnx/model.onnx,1247.8,1247.8,0,0,0.0,add-DGP-CLASS-NEGATIVE,130.8,ok
minishlab/potion-base-8M,onnx/model.onnx,58.5,58.5,0,0,0.0,add-DGP-CLASS-NEGATIVE,18.6,ok
AdamCodd/vit-base-nsfw-detector,onnx/model.onnx,1228.1,1228.1,0,0,0.0,add-DGP-CLASS-NEGATIVE,126.4,ok
intfloat/e5-small-v2,model.onnx,766.0,766.0,0,0,0.0,add-DGP-CLASS-NEGATIVE,90.3,ok
HuggingFaceTB/SmolLM2-135M-Instruct,onnx/model.onnx,1878.6,1878.6,30,30,0.0,add-DGP-CLASS-NEGATIVE,202.4,ok
cross-encoder/ms-marco-MiniLM-L2-v2,onnx/model.onnx,583.0,583.0,0,0,0.0,add-DGP-CLASS-NEGATIVE,73.1,ok
sentence-transformers/paraphrase-MiniLM-L3-v2,onnx/model.onnx,645.5,645.5,0,0,0.0,add-DGP-CLASS-NEGATIVE,84.9,ok
sentence-transformers/paraphrase-MiniLM-L12-v2,onnx/model.onnx,1244.0,1244.0,0,0,0.0,add-DGP-CLASS-NEGATIVE,137.4,ok
sentence-transformers/msmarco-MiniLM-L12-cos-v5,onnx/model.onnx,1371.2,1371.2,0,0,0.0,add-DGP-CLASS-NEGATIVE,154.4,ok
jinaai/jina-embeddings-v2-small-en,model.onnx,498.8,498.8,0,0,0.0,add-DGP-CLASS-NEGATIVE,68.3,ok
mixedbread-ai/mxbai-rerank-xsmall-v1,onnx/model.onnx,500.0,500.0,0,0,0.0,add-DGP-CLASS-NEGATIVE,61.6,ok
sentence-transformers/multi-qa-MiniLM-L6-cos-v1,onnx/model.onnx,845.0,845.0,0,0,0.0,add-DGP-CLASS-NEGATIVE,105.6,ok
briaai/RMBG-1.4,onnx/model.onnx,803.2,803.2,0,0,0.0,add-DGP-CLASS-NEGATIVE,99.4,ok
Qdrant/all-MiniLM-L6-v2-onnx,model.onnx,87.1,87.1,0,0,0.0,add-DGP-CLASS-NEGATIVE,20.8,ok
thenlper/gte-small,onnx/model.onnx,765.7,765.7,0,0,0.0,add-DGP-CLASS-NEGATIVE,95.6,ok
mixedbread-ai/mxbai-rerank-base-v1,onnx/model.onnx,1299.8,1299.8,0,0,0.0,add-DGP-CLASS-NEGATIVE,133.2,ok
lxyuan/distilbert-base-multilingual-cased-sentiments-student,onnx/model.onnx,1552.6,1552.6,0,0,0.0,add-DGP-CLASS-NEGATIVE,156.7,ok
jinaai/jina-embeddings-v2-base-de,onnx/model.onnx,1689.5,1689.5,0,0,0.0,add-DGP-CLASS-NEGATIVE,195.6,ok
breezedeus/pix2text-mfr,decoder_model.onnx,112.2,112.2,0,0,0.0,add-DGP-CLASS-NEGATIVE,41.3,ok
shibing624/text2vec-base-chinese,onnx/model.onnx,1849.4,1849.4,0,0,0.0,add-DGP-CLASS-NEGATIVE,214.0,ok
minishlab/potion-base-4M,onnx/model.onnx,29.7,29.7,0,0,0.0,add-DGP-CLASS-NEGATIVE,29.8,ok
Xenova/segformer-b0-finetuned-ade-512-512,onnx/model.onnx,26.4,26.4,0,0,0.0,add-DGP-CLASS-NEGATIVE,13.1,ok
Snowflake/snowflake-arctic-embed-m,onnx/model.onnx,1634.4,1634.4,0,0,0.0,add-DGP-CLASS-NEGATIVE,168.8,ok
microsoft/layoutlmv3-base,model.onnx,1914.3,1914.3,0,0,0.0,add-DGP-CLASS-NEGATIVE,182.9,ok
sentence-transformers/paraphrase-albert-small-v2,onnx/model.onnx,661.2,661.2,0,0,0.0,add-DGP-CLASS-NEGATIVE,86.1,ok
protectai/deberta-v3-base-prompt-injection-v2,onnx/model.onnx,1429.1,1429.1,0,0,0.0,add-DGP-CLASS-NEGATIVE,155.3,ok
livekit/turn-detector,model_quantized.onnx,675.1,675.1,,,,,82.9,"fail: ValueError: cannot reshape array of size 7078176 into shape (49154,576)"
Qdrant/bge-small-en-v1.5-onnx-Q,model_optimized.onnx,64.3,64.3,0,0,0.0,add-DGP-CLASS-NEGATIVE,19.0,ok
TaylorAI/bge-micro-v2,onnx/model.onnx,149.8,149.8,0,0,0.0,add-DGP-CLASS-NEGATIVE,35.1,ok
cross-encoder/ms-marco-TinyBERT-L2-v2,onnx/model.onnx,165.1,165.1,0,0,0.0,add-DGP-CLASS-NEGATIVE,37.9,ok
sentence-transformers/msmarco-MiniLM-L6-v3,onnx/model.onnx,931.6,931.6,0,0,0.0,add-DGP-CLASS-NEGATIVE,110.4,ok
Xenova/multilingual-e5-small,onnx/model.onnx,1986.4,1986.4,0,0,0.0,add-DGP-CLASS-NEGATIVE,195.0,ok
redis/langcache-embed-v1,onnx/model.onnx,1709.9,1709.9,0,0,0.0,add-DGP-CLASS-NEGATIVE,175.7,ok
dslim/distilbert-NER,onnx/model.onnx,499.3,499.3,0,0,0.0,add-DGP-CLASS-NEGATIVE,68.0,ok
Qdrant/all_miniLM_L6_v2_with_attentions,model.onnx,87.7,87.7,0,0,0.0,add-DGP-CLASS-NEGATIVE,20.7,ok
Xenova/bge-small-en-v1.5,onnx/model.onnx,438.8,438.8,0,0,0.0,add-DGP-CLASS-NEGATIVE,55.1,ok
segment-any-text/sat-3l-sm,model.onnx,1649.0,1649.0,0,0,0.0,add-DGP-CLASS-NEGATIVE,153.3,ok
distilbert/distilbert-base-cased,model.onnx,1089.2,1089.2,0,0,0.0,add-DGP-CLASS-NEGATIVE,130.6,ok
thenlper/gte-base,onnx/model.onnx,1669.2,1669.2,0,0,0.0,add-DGP-CLASS-NEGATIVE,212.0,ok
Snowflake/snowflake-arctic-embed-xs,onnx/model.onnx,385.6,385.6,0,0,0.0,add-DGP-CLASS-NEGATIVE,94.8,ok
SmilingWolf/wd-swinv2-tagger-v3,model.onnx,1214.7,1214.7,0,0,0.0,add-DGP-CLASS-NEGATIVE,134.8,ok
akdeniz27/bert-base-turkish-cased-ner,model.onnx,1260.3,1260.3,0,0,0.0,add-DGP-CLASS-NEGATIVE,137.3,ok
minishlab/potion-retrieval-32M,onnx/model.onnx,248.4,248.4,0,0,0.0,add-DGP-CLASS-NEGATIVE,54.6,ok
jinaai/jina-embeddings-v2-base-code,onnx/model.onnx,1690.7,1690.7,0,0,0.0,add-DGP-CLASS-NEGATIVE,175.7,ok
TahaDouaji/detr-doc-table-detection,onnx/model.onnx,476.7,476.7,0,0,0.0,add-DGP-CLASS-NEGATIVE,56.0,ok
jonathandinu/face-parsing,onnx/model.onnx,1056.5,1056.5,0,0,0.0,add-DGP-CLASS-NEGATIVE,106.3,ok
dangvantuan/vietnamese-embedding,onnx/model.onnx,1031.9,1031.9,0,0,0.0,add-DGP-CLASS-NEGATIVE,123.2,ok
nomic-ai/nomic-embed-vision-v1.5,onnx/model.onnx,1279.9,1279.9,13,13,2.958393193334161e+304,UNCERTIFIED,130.7,ok
Maykeye/TinyLLama-v0,model.onnx,46.8,46.8,8,8,1.165643121406511e+307,UNCERTIFIED,26.1,ok
Jean-Baptiste/camembert-ner-with-dates,model.onnx,1260.4,1260.4,0,0,0.0,add-DGP-CLASS-NEGATIVE,127.3,ok
optimum-intel-internal-testing/tiny-random-bert,onnx/model.onnx,26.9,26.9,0,0,0.0,add-DGP-CLASS-NEGATIVE,16.9,ok
HuggingFaceTB/SmolLM-135M,onnx/model.onnx,2014.9,2014.9,30,30,0.0,add-DGP-CLASS-NEGATIVE,213.8,ok
Xenova/bert-base-NER,onnx/model.onnx,1288.6,1288.6,0,0,0.0,add-DGP-CLASS-NEGATIVE,131.6,ok
onecxi/open-vakgyata,onnx/model_quantized.onnx,448.3,448.3,0,0,0.0,add-DGP-CLASS-NEGATIVE,48.3,ok
PramaLLC/BEN2,BEN2_Base.onnx,1676.5,1676.5,0,0,0.0,add-DGP-CLASS-NEGATIVE,167.1,ok
shibing624/text2vec-base-multilingual,onnx/model.onnx,1407.1,1407.1,0,0,0.0,add-DGP-CLASS-NEGATIVE,151.2,ok
mattmdjaga/segformer_b2_clothes,onnx/model.onnx,523.1,523.1,0,0,0.0,add-DGP-CLASS-NEGATIVE,66.2,ok
Qdrant/paraphrase-multilingual-MiniLM-L12-v2-onnx-Q,model_optimized.onnx,254.5,254.5,0,0,0.0,add-DGP-CLASS-NEGATIVE,32.6,ok
NX-AI/TiRex,tirex.onnx,270.4,270.4,12,12,2.157016213328206e+305,UNCERTIFIED,30.5,ok
intfloat/e5-small,model.onnx,382.3,382.3,0,0,0.0,add-DGP-CLASS-NEGATIVE,51.2,ok
Xenova/finbert,onnx/model.onnx,1320.6,1320.6,0,0,0.0,add-DGP-CLASS-NEGATIVE,135.4,ok
avsolatorio/GIST-small-Embedding-v0,onnx/model.onnx,415.0,415.0,0,0,0.0,add-DGP-CLASS-NEGATIVE,60.0,ok
Xenova/paraphrase-multilingual-MiniLM-L12-v2,onnx/model.onnx,1995.7,,,,,,227.0,"fail: SSLError: (MaxRetryError(""SOCKSHTTPSConnectionPool(host='hf-mirror.com', port=443): Max retries exceeded with url: /Xenova/paraphrase-multilingual-MiniLM-L12-v2/resolve/main/onnx/model_q4f16.onnx (Caused by SSL"
BAAI/bge-base-en,onnx/model.onnx,1252.9,415.6,0,0,0.0,add-DGP-CLASS-NEGATIVE,58.9,ok
jinaai/jina-embeddings-v2-base-zh,onnx/model.onnx,1688.2,1688.2,0,0,0.0,add-DGP-CLASS-NEGATIVE,171.8,ok
onnx-community/Kokoro-82M-v1.0-ONNX,onnx/model.onnx,1380.3,1380.3,0,0,0.0,add-DGP-CLASS-NEGATIVE,174.1,ok
minishlab/potion-multilingual-128M,onnx/model.onnx,1001.1,1001.1,0,0,0.0,add-DGP-CLASS-NEGATIVE,131.4,ok
ibm-granite/granite-embedding-30m-english,model.onnx,233.8,233.8,0,0,0.0,add-DGP-CLASS-NEGATIVE,38.7,ok
sentence-transformers/multi-qa-MiniLM-L6-dot-v1,onnx/model.onnx,845.0,845.0,0,0,0.0,add-DGP-CLASS-NEGATIVE,105.9,ok
Organika/sdxl-detector,onnx/model.onnx,1662.3,1662.3,0,0,0.0,add-DGP-CLASS-NEGATIVE,166.3,ok
lightonai/GTE-ModernColBERT-v1,model.onnx,1285.0,1285.0,0,0,0.0,add-DGP-CLASS-NEGATIVE,134.1,ok
SamLowe/roberta-base-go_emotions-onnx,onnx/model.onnx,601.8,601.8,0,0,0.0,add-DGP-CLASS-NEGATIVE,79.9,ok
csarron/mobilebert-uncased-squad-v2,model.onnx,282.6,282.6,0,0,0.0,add-DGP-CLASS-NEGATIVE,37.0,ok
Qdrant/Splade_PP_en_v1,model.onnx,508.3,508.3,0,0,0.0,add-DGP-CLASS-NEGATIVE,58.4,ok
optimum-intel-internal-testing/tiny-random-vit,onnx/model.onnx,0.9,0.9,0,0,0.0,add-DGP-CLASS-NEGATIVE,9.6,ok
minishlab/potion-base-32M,onnx/model.onnx,248.4,248.4,0,0,0.0,add-DGP-CLASS-NEGATIVE,36.5,ok
Qdrant/minicoil-v1,onnx/model.onnx,607.7,607.7,0,0,0.0,add-DGP-CLASS-NEGATIVE,75.0,ok
Xenova/whisper-tiny.en,onnx/decoder_model.onnx,1780.1,1780.1,0,0,0.0,add-DGP-CLASS-NEGATIVE,201.3,ok
madhurjindal/autonlp-Gibberish-Detector-492513457,onnx/model.onnx,768.0,768.0,0,0,0.0,add-DGP-CLASS-NEGATIVE,88.4,ok
Xenova/distilbert-base-uncased-finetuned-sst-2-english,onnx/model.onnx,882.1,882.1,0,0,0.0,add-DGP-CLASS-NEGATIVE,92.5,ok
Jean-Baptiste/camembert-ner,model.onnx,1260.7,1260.7,0,0,0.0,add-DGP-CLASS-NEGATIVE,123.3,ok
MoritzLaurer/deberta-v3-xsmall-zeroshot-v1.1-all-33,onnx/model.onnx,635.1,635.1,0,0,0.0,add-DGP-CLASS-NEGATIVE,71.3,ok
prithivida/Splade_PP_en_v1,onnx/model.onnx,927.7,927.7,0,0,0.0,add-DGP-CLASS-NEGATIVE,108.9,ok
michaelfeil/bge-small-en-v1.5,onnx/model.onnx,414.9,414.9,0,0,0.0,add-DGP-CLASS-NEGATIVE,57.8,ok
rtr46/meiki.txt.recognition.v0,meiki.text.rec.v0.960x32.onnx,30.0,30.0,48,48,0.0,add-DGP-CLASS-NEGATIVE,15.3,ok
philschmid/distilbert-onnx,model.onnx,248.9,248.9,0,0,0.0,add-DGP-CLASS-NEGATIVE,32.4,ok
SmilingWolf/wd-vit-tagger-v3,model.onnx,1083.1,1083.1,0,0,0.0,add-DGP-CLASS-NEGATIVE,106.7,ok
LazarusNLP/all-indo-e5-small-v4,onnx/model.onnx,913.7,913.7,0,0,0.0,add-DGP-CLASS-NEGATIVE,98.4,ok
ibm-granite/granite-embedding-125m-english,model.onnx,954.9,954.9,0,0,0.0,add-DGP-CLASS-NEGATIVE,104.1,ok
KittenML/kitten-tts-mini-0.8,kitten_tts_mini_v0_8.onnx,77.8,77.8,0,0,0.0,add-DGP-CLASS-NEGATIVE,12.7,ok
MoritzLaurer/DeBERTa-v3-xsmall-mnli-fever-anli-ling-binary,onnx/model.onnx,905.3,905.3,0,0,0.0,add-DGP-CLASS-NEGATIVE,94.6,ok
mixedbread-ai/mxbai-embed-xsmall-v1,onnx/model.onnx,735.0,735.0,0,0,0.0,add-DGP-CLASS-NEGATIVE,91.9,ok
optimum/t5-small,decoder_model.onnx,568.6,568.6,0,0,0.0,add-DGP-CLASS-NEGATIVE,61.1,ok
MoritzLaurer/deberta-v3-base-zeroshot-v1.1-all-33,onnx/model.onnx,1651.6,1651.6,0,0,0.0,add-DGP-CLASS-NEGATIVE,160.2,ok
p1atdev/wd-swinv2-tagger-v3-hf,model_quantized.onnx,288.4,288.4,,,,,43.9,"fail: ValueError: cannot reshape array of size 4096 into shape (128,128)"
Snowflake/snowflake-arctic-embed-s,onnx/model.onnx,531.5,531.5,0,0,0.0,add-DGP-CLASS-NEGATIVE,67.6,ok
rtr46/meiki.text.detect.v0,meiki.text.detect.tiny.v0.onnx,77.1,77.1,49,49,0.0,add-DGP-CLASS-NEGATIVE,23.4,ok
1-800-BAD-CODE/punctuation_fullstop_truecase_english,punct_cap_seg_en.onnx,200.4,200.4,0,0,0.0,add-DGP-CLASS-NEGATIVE,28.3,ok
Qdrant/bge-base-en-v1.5-onnx-Q,model_optimized.onnx,208.6,208.6,0,0,0.0,add-DGP-CLASS-NEGATIVE,31.5,ok
chriamue/bird-species-classifier,model.onnx,64.8,64.8,92,92,0.0,add-DGP-CLASS-NEGATIVE,19.2,ok
Supabase/gte-small,onnx/model.onnx,287.6,287.6,0,0,0.0,add-DGP-CLASS-NEGATIVE,42.5,ok
ibm-granite/granite-embedding-107m-multilingual,model.onnx,1360.9,1360.9,0,0,0.0,add-DGP-CLASS-NEGATIVE,143.5,ok
ogkalu/comic-text-and-bubble-detector,detector.onnx,324.3,324.3,24,24,0.0,add-DGP-CLASS-NEGATIVE,38.8,ok
onnx-community/Kokoro-82M-ONNX,onnx/model.onnx,1357.6,1357.6,0,0,0.0,add-DGP-CLASS-NEGATIVE,145.5,ok
Xenova/jina-embeddings-v2-small-en,onnx/model.onnx,457.6,457.6,0,0,0.0,add-DGP-CLASS-NEGATIVE,78.4,ok
fxmarty/resnet-tiny-beans,model.onnx,1.5,1.5,0,0,0.0,add-DGP-CLASS-NEGATIVE,37.1,ok
Xenova/whisper-tiny,onnx/decoder_model.onnx,1780.8,1780.8,0,0,0.0,add-DGP-CLASS-NEGATIVE,203.1,ok
minishlab/M2V_base_output,onnx/model.onnx,123.4,123.4,0,0,0.0,add-DGP-CLASS-NEGATIVE,24.8,ok
KittenML/kitten-tts-nano-0.1,kitten_tts_nano_v0_1.onnx,22.8,22.8,0,0,0.0,add-DGP-CLASS-NEGATIVE,8.5,ok
Qdrant/bge-large-en-v1.5-onnx,model.onnx,1275.8,1275.8,0,0,0.0,add-DGP-CLASS-NEGATIVE,124.7,ok
cross-encoder/ms-marco-TinyBERT-L2,onnx/model.onnx,165.1,165.1,0,0,0.0,add-DGP-CLASS-NEGATIVE,40.1,ok
Xenova/mobilebert-uncased-mnli,onnx/model.onnx,296.9,296.9,0,0,0.0,add-DGP-CLASS-NEGATIVE,43.2,ok
HuggingFaceTB/SmolLM-135M-Instruct,onnx/model.onnx,1870.3,1870.3,30,30,0.0,add-DGP-CLASS-NEGATIVE,197.2,ok
chopratejas/technique-router-onnx,model_quantized.onnx,33.3,33.3,0,0,0.0,add-DGP-CLASS-NEGATIVE,14.6,ok
onnx-models/all-mpnet-base-v2-onnx,model.onnx,416.7,416.7,0,0,0.0,add-DGP-CLASS-NEGATIVE,48.2,ok
Xenova/ms-marco-MiniLM-L-6-v2,onnx/model.onnx,330.7,330.7,0,0,0.0,add-DGP-CLASS-NEGATIVE,46.1,ok
morsetechlab/yolov11-license-plate-detection,license-plate-finetune-v1l.onnx,656.4,656.4,159,159,0.0,add-DGP-CLASS-NEGATIVE,71.5,ok
Xenova/llama2.c-stories15M,onnx/model.onnx,1040.8,1040.8,6,6,0.0,add-DGP-CLASS-NEGATIVE,132.1,ok
docling-project/DocumentFigureClassifier-v2.0,model.onnx,31.6,31.6,65,65,5.083740949308784e+305,UNCERTIFIED,36.2,ok
optimum-intel-internal-testing/tiny-random-CodeGenForCausalLM,onnx/model.onnx,2.8,2.8,0,0,0.0,add-DGP-CLASS-NEGATIVE,12.9,ok
jinaai/jina-reranker-v1-turbo-en,onnx/model.onnx,670.6,670.6,0,0,0.0,add-DGP-CLASS-NEGATIVE,81.8,ok
cmarkea/distilcamembert-base-sentiment,model.onnx,1040.1,1040.1,0,0,0.0,add-DGP-CLASS-NEGATIVE,101.2,ok
optimum-intel-internal-testing/tiny-random-Phi3ForCausalLM,onnx/model.onnx,40.2,40.2,2,2,1.2669843144635193e+303,UNCERTIFIED,22.9,ok
KittenML/kitten-tts-micro-0.8,kitten_tts_micro_v0_8.onnx,42.6,42.6,0,0,0.0,add-DGP-CLASS-NEGATIVE,10.2,ok
optimum-intel-internal-testing/tiny-random-GPTNeoXForCausalLM,onnx/model.onnx,2.5,2.5,0,0,0.0,add-DGP-CLASS-NEGATIVE,10.1,ok
mixedbread-ai/mxbai-edge-colbert-v0-32m,model.onnx,285.8,285.8,0,0,0.0,add-DGP-CLASS-NEGATIVE,50.6,ok
MoritzLaurer/deberta-v3-base-zeroshot-v2.0,onnx/model.onnx,1077.4,1077.4,0,0,0.0,add-DGP-CLASS-NEGATIVE,116.2,ok
prithivida/Splade_PP_en_v2,onnx/model.onnx,927.8,927.8,0,0,0.0,add-DGP-CLASS-NEGATIVE,110.0,ok
optimum-intel-internal-testing/tiny-random-CohereForCausalLM,onnx/model.onnx,0.5,0.5,0,0,0.0,add-DGP-CLASS-NEGATIVE,11.4,ok
GenTelLab/gentelshield-v1,model.onnx,1088.0,1088.0,0,0,0.0,add-DGP-CLASS-NEGATIVE,116.7,ok
avsolatorio/GIST-all-MiniLM-L6-v2,onnx/model.onnx,282.4,282.4,0,0,0.0,add-DGP-CLASS-NEGATIVE,48.6,ok
Xenova/jina-embeddings-v2-base-en,onnx/model.onnx,1592.1,1592.1,0,0,0.0,add-DGP-CLASS-NEGATIVE,156.3,ok
segment-any-text/sat-3l,model.onnx,2025.3,2025.3,0,0,0.0,add-DGP-CLASS-NEGATIVE,1419.6,ok
optimum-intel-internal-testing/bge-small-en-v1.5,onnx/model.onnx,382.5,382.5,0,0,0.0,add-DGP-CLASS-NEGATIVE,53.1,ok
Isotonic/distilbert_finetuned_ai4privacy_v2,onnx/model.onnx,509.0,509.0,0,0,0.0,add-DGP-CLASS-NEGATIVE,74.4,ok
fxmarty/sshleifer-tiny-mbart-onnx,decoder_model.onnx,11.6,11.6,0,0,0.0,add-DGP-CLASS-NEGATIVE,8.3,ok
line-corporation/clip-japanese-base,onnx/clyp_visual.onnx,1505.2,1505.2,12,12,0.0,add-DGP-CLASS-NEGATIVE,165.9,ok
optimum-intel-internal-testing/tiny-random-ArceeForCausalLM,onnx/model.onnx,35.8,35.8,0,0,0.0,add-DGP-CLASS-NEGATIVE,18.8,ok
onnx-community/whisper-tiny,onnx/decoder_model.onnx,1350.3,1350.3,0,0,0.0,add-DGP-CLASS-NEGATIVE,151.0,ok
SmilingWolf/wd-v1-4-convnext-tagger-v2,model.onnx,746.0,746.0,0,0,0.0,add-DGP-CLASS-NEGATIVE,73.9,ok
optimum-intel-internal-testing/tiny-random-DebertaV2Model,onnx/model.onnx,58.4,58.4,0,0,0.0,add-DGP-CLASS-NEGATIVE,17.4,ok
Xenova/gte-small,onnx/model.onnx,438.8,438.8,0,0,0.0,add-DGP-CLASS-NEGATIVE,54.3,ok
optimum-intel-internal-testing/tiny-random-MptForCausalLM,onnx/model.onnx,0.9,0.9,0,0,0.0,add-DGP-CLASS-NEGATIVE,12.0,ok
Xenova/all-mpnet-base-v2,onnx/model.onnx,1309.7,1309.7,0,0,0.0,add-DGP-CLASS-NEGATIVE,133.2,ok
optimum-intel-internal-testing/tiny-random-MobileBertModel,onnx/model.onnx,8.5,8.5,0,0,0.0,add-DGP-CLASS-NEGATIVE,13.3,ok
MongoDB/mdbr-leaf-mt,onnx/model.onnx,323.2,323.2,0,0,0.0,add-DGP-CLASS-NEGATIVE,60.6,ok
Xenova/wav2vec2-base-960h,onnx/model.onnx,1043.1,1043.1,0,0,0.0,add-DGP-CLASS-NEGATIVE,112.5,ok
minishlab/potion-base-2M,onnx/model.onnx,15.3,15.3,0,0,0.0,add-DGP-CLASS-NEGATIVE,15.9,ok
Xenova/mms-tts-eng,onnx/model.onnx,201.0,201.0,38,38,0.0,add-DGP-CLASS-NEGATIVE,37.0,ok
optimum-intel-internal-testing/tiny-random-VisionEncoderDecoderModel-vit-gpt2,onnx/decoder_model.onnx,7.8,7.8,0,0,0.0,add-DGP-CLASS-NEGATIVE,18.9,ok
Qdrant/bge-small-zh-v1.5,model_optimized.onnx,90.9,90.9,0,0,0.0,add-DGP-CLASS-NEGATIVE,20.2,ok
docling-project/DocumentFigureClassifier-v2.5,model.onnx,32.0,32.0,65,65,2.0454949655846553e+306,UNCERTIFIED,37.1,ok
optimum-intel-internal-testing/tiny-random-unispeech,onnx/model.onnx,0.4,0.4,0,0,0.0,add-DGP-CLASS-NEGATIVE,11.6,ok
Xenova/slimsam-77-uniform,onnx/vision_encoder.onnx,70.9,70.9,0,0,0.0,add-DGP-CLASS-NEGATIVE,16.6,ok
gravitee-io/bert-small-pii-detection,model.onnx,246.1,246.1,0,0,0.0,add-DGP-CLASS-NEGATIVE,35.0,ok
skt/kobert-base-v1,legacy/kobert.onnx1.8.0.onnx,1761.3,1761.3,0,0,0.0,add-DGP-CLASS-NEGATIVE,174.4,ok
Snowflake/snowflake-arctic-embed-m-long,onnx/model.onnx,2010.9,2010.9,12,12,0.0,add-DGP-CLASS-NEGATIVE,209.9,ok
Isotonic/deberta-v3-base_finetuned_ai4privacy_v2,onnx/model.onnx,1425.3,1425.3,0,0,0.0,add-DGP-CLASS-NEGATIVE,154.9,ok
Xenova/clip-vit-base-patch16,onnx/model.onnx,2008.7,2008.7,24,24,0.0,add-DGP-CLASS-NEGATIVE,207.7,ok
mixedbread-ai/mxbai-edge-colbert-v0-17m,model.onnx,149.5,149.5,0,0,0.0,add-DGP-CLASS-NEGATIVE,36.6,ok
Qdrant/bge-small-en,model_optimized.onnx,127.6,127.6,0,0,0.0,add-DGP-CLASS-NEGATIVE,25.2,ok
trpakov/vit-face-expression,onnx/model.onnx,982.3,982.3,0,0,0.0,add-DGP-CLASS-NEGATIVE,98.5,ok
cointegrated/rubert-base-cased-nli-threeway,onnx/model.onnx,2044.8,2044.8,0,0,0.0,add-DGP-CLASS-NEGATIVE,202.2,ok
optimum/all-MiniLM-L6-v2,model.onnx,87.6,87.6,0,0,0.0,add-DGP-CLASS-NEGATIVE,19.6,ok
Xenova/nomic-embed-text-v1,onnx/model.onnx,916.7,916.7,12,12,0.0,add-DGP-CLASS-NEGATIVE,100.6,ok
KittenML/kitten-tts-nano-0.8-fp32,kitten_tts_nano_v0_8.onnx,57.3,57.3,0,0,0.0,add-DGP-CLASS-NEGATIVE,11.6,ok
protectai/unbiased-toxic-roberta-onnx,model.onnx,598.7,598.7,0,0,0.0,add-DGP-CLASS-NEGATIVE,67.5,ok
gourishankar023/finbert-payment-freetext-ner-v1,model.onnx,416.6,416.6,0,0,0.0,add-DGP-CLASS-NEGATIVE,49.3,ok
optimum-intel-internal-testing/tiny-random-BeitForImageClassification,onnx/model.onnx,0.3,0.3,0,0,0.0,add-DGP-CLASS-NEGATIVE,7.3,ok
Xenova/toxic-bert,onnx/model.onnx,1320.7,1320.7,0,0,0.0,add-DGP-CLASS-NEGATIVE,134.5,ok
Falconsai/text_summarization,onnx/decoder_model.onnx,1551.3,1551.3,0,0,0.0,add-DGP-CLASS-NEGATIVE,171.6,ok
jjzha/jobbert-base-cased,onnx/model.onnx,1326.2,1326.2,0,0,0.0,add-DGP-CLASS-NEGATIVE,136.9,ok
Xenova/dinov2-small,onnx/model.onnx,211.1,211.1,0,0,0.0,add-DGP-CLASS-NEGATIVE,37.5,ok
philomath-1209/programming-language-identification,onnx/model.onnx,643.7,643.7,0,0,0.0,add-DGP-CLASS-NEGATIVE,81.6,ok
mispeech/ced-base,model.onnx,409.9,409.9,0,0,0.0,add-DGP-CLASS-NEGATIVE,47.8,ok
llmware/protectai-prompt-injection-onnx,model.onnx,715.0,715.0,0,0,0.0,add-DGP-CLASS-NEGATIVE,77.8,ok
alephpi/FormulaNet,onnx/decoder_model.onnx,856.9,856.9,0,0,0.0,add-DGP-CLASS-NEGATIVE,100.8,ok
sentence-transformers/msmarco-MiniLM-L6-cos-v5,onnx/model.onnx,931.6,931.6,0,0,0.0,add-DGP-CLASS-NEGATIVE,113.3,ok
zeahub/augmented-camus-segmentation,model.onnx,128.2,128.2,0,0,0.0,add-DGP-CLASS-NEGATIVE,17.5,ok
Xenova/modnet,onnx/model.onnx,105.1,105.1,0,0,0.0,add-DGP-CLASS-NEGATIVE,22.3,ok
optimum-intel-internal-testing/tiny-random-Idefics3ForConditionalGeneration,onnx/embed_tokens.onnx,155.8,155.8,0,0,0.0,add-DGP-CLASS-NEGATIVE,31.5,ok
onnx-community/whisper-tiny.en,onnx/decoder_model.onnx,1350.1,1350.1,0,0,0.0,add-DGP-CLASS-NEGATIVE,154.5,ok
hotchpotch/japanese-reranker-xsmall-v2,onnx/model.onnx,923.1,923.1,0,0,0.0,add-DGP-CLASS-NEGATIVE,99.2,ok
TaylorAI/gte-tiny,onnx/model.onnx,281.8,281.8,0,0,0.0,add-DGP-CLASS-NEGATIVE,46.5,ok
shibing624/macbert4csc-base-chinese,onnx/model.onnx,1233.6,1233.6,0,0,0.0,add-DGP-CLASS-NEGATIVE,133.5,ok
gpahal/bge-m3-onnx-int8,model_quantized.onnx,564.7,564.7,0,0,0.0,add-DGP-CLASS-NEGATIVE,65.6,ok
deepvk/USER2-base,onnx/model.onnx,1146.8,1146.8,0,0,0.0,add-DGP-CLASS-NEGATIVE,128.3,ok
onnx-community/moonshine-base-ONNX,onnx/decoder_model.onnx,1932.5,1932.5,8,8,0.0,add-DGP-CLASS-NEGATIVE,207.6,ok
onnx-community/BiRefNet_lite-ONNX,onnx/model.onnx,322.9,322.9,23,23,0.0,add-DGP-CLASS-NEGATIVE,154.9,ok
optimum-intel-internal-testing/all-MiniLM-L6-v2,onnx/model.onnx,931.7,931.7,0,0,0.0,add-DGP-CLASS-NEGATIVE,125.7,ok
MoritzLaurer/roberta-large-zeroshot-v2.0-c,onnx/model.onnx,2040.4,2040.4,0,0,0.0,add-DGP-CLASS-NEGATIVE,211.0,ok
Xenova/bge-small-zh-v1.5,onnx/model.onnx,332.0,332.0,0,0,0.0,add-DGP-CLASS-NEGATIVE,45.8,ok
fxmarty/tiny-llama-fast-tokenizer,onnx/model.onnx,10.5,10.5,2,2,4.513930523425311e+302,UNCERTIFIED,23.3,ok
breezedeus/cnstd-ppocr-ch_PP-OCRv5_det,ch_PP-OCRv5_det_infer.onnx,4.6,4.6,24,24,0.0,add-DGP-CLASS-NEGATIVE,7.5,ok
MongoDB/mdbr-leaf-ir,onnx/model.onnx,322.1,322.1,0,0,0.0,add-DGP-CLASS-NEGATIVE,68.5,ok
YatharthS/LuxTTS,fm_decoder.onnx,1126.0,1126.0,32,32,1.9875339923023412e+305,UNCERTIFIED,118.8,ok
cmarkea/distilcamembert-base-ner,model.onnx,1167.5,1167.5,0,0,0.0,add-DGP-CLASS-NEGATIVE,116.8,ok
sayed0am/arabic-english-bge-m3,onnx/model.onnx,1734.6,1734.6,0,0,0.0,add-DGP-CLASS-NEGATIVE,179.1,ok
sadickam/sdgBERT,onnx/model.onnx,836.6,836.6,0,0,0.0,add-DGP-CLASS-NEGATIVE,89.3,ok
jinaai/jina-reranker-v1-tiny-en,onnx/model.onnx,605.5,605.5,0,0,0.0,add-DGP-CLASS-NEGATIVE,77.7,ok
nickprock/sentence-bert-base-italian-xxl-uncased,onnx/model_qint8_avx512_vnni.onnx,951.8,951.8,0,0,0.0,add-DGP-CLASS-NEGATIVE,103.9,ok
projecte-aina/alvocat-vocos-22khz,mel_spec_22khz_cat.onnx,102.9,102.9,0,0,0.0,add-DGP-CLASS-NEGATIVE,17.2,ok
Xenova/nli-deberta-v3-xsmall,onnx/model.onnx,1226.9,1226.9,0,0,0.0,add-DGP-CLASS-NEGATIVE,131.0,ok
Qdrant/clip-ViT-B-32-vision,model.onnx,335.4,335.4,12,12,0.0,add-DGP-CLASS-NEGATIVE,42.7,ok
WinKawaks/vit-small-patch16-224,onnx/model.onnx,293.4,293.4,0,0,0.0,add-DGP-CLASS-NEGATIVE,39.2,ok
MoritzLaurer/multilingual-MiniLMv2-L6-mnli-xnli,onnx/model.onnx,1266.9,1266.9,0,0,0.0,add-DGP-CLASS-NEGATIVE,134.4,ok
nixiesearch/e5-small-v2-onnx,model.onnx,159.8,159.8,0,0,0.0,add-DGP-CLASS-NEGATIVE,29.0,ok
cross-encoder/stsb-TinyBERT-L4,onnx/model.onnx,536.8,536.8,0,0,0.0,add-DGP-CLASS-NEGATIVE,72.8,ok
jinaai/jina-embeddings-v2-base-es,onnx/model.onnx,1383.8,1383.8,0,0,0.0,add-DGP-CLASS-NEGATIVE,149.1,ok
holistic-ai/rejection_detection,onnx/model.onnx,633.1,633.1,0,0,0.0,add-DGP-CLASS-NEGATIVE,89.7,ok
onnx-internal-testing/tiny-random-ArceeForCausalLM,onnx/model.onnx,35.8,35.8,0,0,0.0,add-DGP-CLASS-NEGATIVE,19.2,ok
SteveTran/ob_ner_model,model.onnx,1017.3,1017.3,0,0,0.0,add-DGP-CLASS-NEGATIVE,103.1,ok
Xenova/distilbert-base-uncased-mnli,onnx/model.onnx,882.0,882.0,0,0,0.0,add-DGP-CLASS-NEGATIVE,96.9,ok
KittenML/kitten-tts-nano-0.2,kitten_tts_nano_v0_2.onnx,22.7,22.7,0,0,0.0,add-DGP-CLASS-NEGATIVE,8.2,ok
NTQAI/pedestrian_gender_recognition,model.onnx,1010.0,1010.0,0,0,0.0,add-DGP-CLASS-NEGATIVE,108.9,ok
jhu-clsp/ettin-encoder-17m,onnx/model.onnx,341.5,341.5,0,0,0.0,add-DGP-CLASS-NEGATIVE,47.0,ok
onnx-community/depth-anything-v2-small,onnx/model.onnx,289.1,289.1,0,0,0.0,add-DGP-CLASS-NEGATIVE,108.0,ok
onnx-models/all-MiniLM-L6-v2-onnx,model.onnx,87.2,87.2,0,0,0.0,add-DGP-CLASS-NEGATIVE,21.0,ok
projecte-aina/matxa-tts-cat-multiaccent,matxa_multiaccent_wavenext_e2e.onnx,535.7,535.7,158,158,0.0,add-DGP-CLASS-NEGATIVE,88.6,ok
Xenova/tiny-random-Phi3ForCausalLM,onnx/model.onnx,40.2,40.2,2,2,1.2669843144635193e+303,UNCERTIFIED,26.1,ok
Xenova/detr-resnet-50,onnx/model.onnx,581.3,581.3,0,0,0.0,add-DGP-CLASS-NEGATIVE,62.5,ok
minishlab/M2V_multilingual_output,onnx/model.onnx,1485.9,1485.9,0,0,0.0,add-DGP-CLASS-NEGATIVE,147.2,ok
protectai/vishnun-codenlbert-sm-onnx,model.onnx,110.7,110.7,0,0,0.0,add-DGP-CLASS-NEGATIVE,21.7,ok
TaylorAI/bge-micro,onnx/model.onnx,149.8,149.8,0,0,0.0,add-DGP-CLASS-NEGATIVE,35.1,ok
Cohee/distilbert-base-uncased-go-emotions-onnx,onnx/model.onnx,321.0,321.0,0,0,0.0,add-DGP-CLASS-NEGATIVE,43.9,ok
KlingTeam/LivePortrait,liveportrait/landmark.onnx,2040.9,2040.9,0,0,0.0,add-DGP-CLASS-NEGATIVE,197.3,ok
Xenova/dino-vits16,onnx/model.onnx,207.6,207.6,0,0,0.0,add-DGP-CLASS-NEGATIVE,28.8,ok
sentence-transformers/all-MiniLM-L6-v1,onnx/model.onnx,758.2,758.2,0,0,0.0,add-DGP-CLASS-NEGATIVE,98.2,ok
neuphonic/neucodec-onnx-decoder,model.onnx,746.3,746.3,20,20,0.0,add-DGP-CLASS-NEGATIVE,93.4,ok
tech4humans/yolov8s-signature-detector,yolov8s.onnx,1364.6,,,,,,32.5,"fail: GatedRepoError: 403 Client Error. (Request ID: Root=1-69ebec4d-01913142220874130f0c7448;0053aca4-dac7-4aa6-a0a9-aa1090c40d0a)

Cannot access gated repo for url https://hf-mirror.com/tech4humans/yolov8s-signature-dete"
1-800-BAD-CODE/punct_cap_seg_47_language,punct_cap_seg_47lang.onnx,223.4,223.4,0,0,0.0,add-DGP-CLASS-NEGATIVE,30.0,ok
Xenova/depth-anything-small-hf,onnx/model.onnx,265.1,265.1,0,0,0.0,add-DGP-CLASS-NEGATIVE,37.4,ok
mispeech/ced-tiny,model.onnx,27.4,27.4,0,0,0.0,add-DGP-CLASS-NEGATIVE,15.8,ok
protectai/MoritzLaurer-roberta-base-zeroshot-v2.0-c-onnx,model.onnx,479.0,479.0,0,0,0.0,add-DGP-CLASS-NEGATIVE,57.4,ok
MoralHazard/GIST-small-attn,onnx/model.onnx,260.7,260.7,0,0,0.0,add-DGP-CLASS-NEGATIVE,51.6,ok
neuphonic/neucodec-onnx-decoder-int8,model.onnx,297.8,297.8,,,,,32.2,"fail: ValueError: cannot reshape array of size 131072 into shape (65536,8)"
minuva/MiniLMv2-toxic-jigsaw,model_optimized.onnx,347.7,347.7,0,0,0.0,add-DGP-CLASS-NEGATIVE,52.9,ok
Xenova/face-parsing,onnx/model.onnx,573.6,573.6,0,0,0.0,add-DGP-CLASS-NEGATIVE,60.9,ok
AdamCodd/tinybert-emotion-balanced,onnx/model.onnx,111.4,111.4,0,0,0.0,add-DGP-CLASS-NEGATIVE,30.0,ok
skytnt/midi-model-tv2o-medium,onnx/model_base.onnx,1832.2,1832.2,12,12,0.0,UNCERTIFIED,196.9,ok
unum-cloud/uform3-image-text-multilingual-base,text_encoder.onnx,1936.6,1936.6,0,0,0.0,add-DGP-CLASS-NEGATIVE,196.2,ok
optimum/distilbert-base-uncased-finetuned-sst-2-english,model.onnx,256.4,256.4,0,0,0.0,add-DGP-CLASS-NEGATIVE,33.8,ok
badaoui/tiny-random-NemotronForCausalLM,onnx/model.onnx,105.5,105.5,0,0,0.0,add-DGP-CLASS-NEGATIVE,24.8,ok
protectai/guishe-nuner-v1_orgs-onnx,model.onnx,476.7,476.7,0,0,0.0,add-DGP-CLASS-NEGATIVE,56.3,ok
corto-ai/nomic-embed-text-v1,onnx/model.onnx,1698.4,1698.4,12,12,0.0,add-DGP-CLASS-NEGATIVE,180.8,ok
Xenova/e5-small-v2,onnx/model.onnx,438.8,438.8,0,0,0.0,add-DGP-CLASS-NEGATIVE,55.2,ok
protectai/codebert-base-Malicious_URLs-onnx,model.onnx,479.0,479.0,0,0,0.0,add-DGP-CLASS-NEGATIVE,56.5,ok
onnx-community/Ternary-Bonsai-1.7B-ONNX,onnx/model_q2.onnx,939.8,939.8,,,,,95.5,"fail: ValueError: cannot reshape array of size 19413632 into shape (151669,512)"
arman-bd/guppylm-9M,model.onnx,77.0,77.0,0,0,0.0,add-DGP-CLASS-NEGATIVE,20.7,ok
nomic-ai/nomic-embed-vision-v1,onnx/model.onnx,1279.9,1279.9,13,13,0.0,add-DGP-CLASS-NEGATIVE,128.0,ok
Falconsai/nsfw_image_detection_26,onnx_model/model.onnx,1148.7,,,,,,4.5,"fail: GatedRepoError: 403 Client Error. (Request ID: Root=1-69ebf1d9-2813e28560304c873df83dfd;cec97c35-6174-4667-be53-8950271e10a8)

Cannot access gated repo for url https://hf-mirror.com/Falconsai/nsfw_image_detection_26/"
Xenova/vit-base-patch16-224,onnx/model.onnx,821.7,821.7,0,0,0.0,add-DGP-CLASS-NEGATIVE,83.9,ok
Supertone/supertonic-2,onnx/vocoder.onnx,255.7,255.7,0,0,0.0,add-DGP-CLASS-NEGATIVE,51.7,ok
Xenova/ms-marco-TinyBERT-L-2-v2,onnx/model.onnx,77.9,77.9,0,0,0.0,add-DGP-CLASS-NEGATIVE,24.1,ok
MintplexLabs/multilingual-e5-small,onnx/model_quantized.onnx,486.4,486.4,0,0,0.0,add-DGP-CLASS-NEGATIVE,66.6,ok
Xenova/twitter-roberta-base-sentiment-latest,onnx/model.onnx,1598.7,1598.7,0,0,0.0,add-DGP-CLASS-NEGATIVE,160.6,ok
onnx-community/BEN2-ONNX,onnx/model_fp16.onnx,209.0,209.0,0,0,0.0,add-DGP-CLASS-NEGATIVE,26.3,ok
KittenML/kitten-tts-nano-0.8-int8,kitten_tts_nano_v0_8.onnx,26.4,26.4,0,0,0.0,add-DGP-CLASS-NEGATIVE,8.6,ok
katuni4ka/tiny-random-LlamaForCausalLM-onnx,model.onnx,6.3,6.3,2,2,4.513930523425311e+302,UNCERTIFIED,11.8,ok
MarsSecurity/tech-entity-biencoder,onnx/model.onnx,572.4,572.4,0,0,0.0,add-DGP-CLASS-NEGATIVE,66.2,ok
Xenova/yolos-tiny,onnx/model.onnx,77.3,77.3,0,0,0.0,add-DGP-CLASS-NEGATIVE,18.2,ok
Xenova/msmarco-distilbert-base-v4,onnx/model.onnx,871.1,871.1,0,0,0.0,add-DGP-CLASS-NEGATIVE,94.5,ok
benjamin/wtp-bert-mini,model.onnx,44.6,44.6,0,0,0.0,add-DGP-CLASS-NEGATIVE,10.8,ok
Norod78/hebrew-gpt_neo-small,model.onnx,1854.4,1854.4,0,0,0.0,add-DGP-CLASS-NEGATIVE,184.4,ok
Qdrant/clip-ViT-B-32-text,model.onnx,245.8,245.8,12,12,0.0,add-DGP-CLASS-NEGATIVE,49.3,ok
onnx-community/ormbg-ONNX,onnx/model.onnx,798.7,798.7,0,0,0.0,add-DGP-CLASS-NEGATIVE,92.9,ok
Xenova/distilbert-base-cased-distilled-squad,onnx/model.onnx,850.0,850.0,0,0,0.0,add-DGP-CLASS-NEGATIVE,92.5,ok
Xenova/segformer-b2-finetuned-cityscapes-1024-1024,onnx/model.onnx,185.4,185.4,0,0,0.0,add-DGP-CLASS-NEGATIVE,26.9,ok
knowledgator/gliner-pii-base-v1.0,onnx/model.onnx,1783.2,1783.2,0,0,0.0,add-DGP-CLASS-NEGATIVE,173.4,ok
sentence-transformers/paraphrase-albert-base-v2,onnx/model.onnx,720.1,720.1,0,0,0.0,add-DGP-CLASS-NEGATIVE,95.1,ok
latishab/turnsense,model_preprocessed.onnx,1498.5,1498.5,30,30,0.0,add-DGP-CLASS-NEGATIVE,174.1,ok
segment-any-text/sat-6l-sm,model.onnx,1812.4,1812.4,0,0,0.0,add-DGP-CLASS-NEGATIVE,170.7,ok
timm/mobilenetv4_conv_aa_large.e230_r448_in12k_ft_in1k,onnx/model.onnx,374.2,374.2,0,0,0.0,add-DGP-CLASS-NEGATIVE,42.0,ok
protectai/distilroberta-base-rejection-v1,onnx/model.onnx,633.1,633.1,0,0,0.0,add-DGP-CLASS-NEGATIVE,84.1,ok
realasd222/punctuate-all,onnx/model.onnx,1340.8,1340.8,0,0,0.0,add-DGP-CLASS-NEGATIVE,140.2,ok
Xenova/bert-base-uncased,onnx/model.onnx,1316.8,1316.8,0,0,0.0,add-DGP-CLASS-NEGATIVE,138.5,ok
postbot/distilgpt2-emailgen-V2,model.onnx,1099.4,1099.4,0,0,0.0,add-DGP-CLASS-NEGATIVE,115.3,ok
Deepchecks/parrot_fluency_model_onnx,model_optimized.onnx,219.9,219.9,0,0,0.0,add-DGP-CLASS-NEGATIVE,34.5,ok
onnx-community/Llama-3.2-1B-Instruct-q4f16,onnx/model_q4f16.onnx,1189.2,1189.2,,,,,132.6,"fail: ValueError: cannot reshape array of size 131334144 into shape (128256,2048)"
hlyn/prompt-injection-judge-deberta-70m,model.onnx,364.2,,,,,,3.9,"fail: GatedRepoError: 403 Client Error. (Request ID: Root=1-69ebfb23-07835f17652b20c75ed99d96;ba7d8150-2681-4a61-82d7-b792873971c4)

Cannot access gated repo for url https://hf-mirror.com/hlyn/prompt-injection-judge-debert"
onnx-community/moonshine-tiny-ONNX,onnx/decoder_model.onnx,974.9,974.9,6,6,0.0,add-DGP-CLASS-NEGATIVE,119.5,ok
yurijmikhalevich/rclip-models,ViT-B-32-256-datacomp_s34b_b86k/visual.onnx,914.9,914.9,0,0,0.0,add-DGP-CLASS-NEGATIVE,98.3,ok
Xenova/ms-marco-MiniLM-L-12-v2,onnx/model.onnx,441.7,441.7,0,0,0.0,add-DGP-CLASS-NEGATIVE,58.2,ok
Cohee/jina-embeddings-v2-base-en,onnx/model.onnx,726.3,726.3,0,0,0.0,add-DGP-CLASS-NEGATIVE,79.7,ok
Joshfcooper/ai-text-detector-optimized,fixed_optimized_detector.onnx,843.4,843.4,23,23,0.0,add-DGP-CLASS-NEGATIVE,98.8,ok
Abhishekcr448/Tiny-Hinglish-Chat-21M,model.onnx,373.7,373.7,0,0,0.0,add-DGP-CLASS-NEGATIVE,49.8,ok
broadfield-dev/bert-small-ner-pii-tuned-12261022-onnx,model.onnx,28.3,28.3,0,0,0.0,add-DGP-CLASS-NEGATIVE,17.0,ok
FredZhang7/danbooru-tag-generator,model.onnx,780.7,780.7,0,0,0.0,add-DGP-CLASS-NEGATIVE,77.9,ok
docling-project/docling-layout-heron-onnx,model.onnx,163.3,163.3,,,,,23.1,"fail: ValueError: cannot reshape array of size 2100 into shape (1,8400,1)"
Norod78/hebrew-gpt_neo-tiny,onnx/decoder_model_merged_quantized.onnx,1071.3,1071.3,0,0,0.0,add-DGP-CLASS-NEGATIVE,115.6,ok
synapti/nci-ner-v2,onnx/model.onnx,1079.9,1079.9,0,0,0.0,add-DGP-CLASS-NEGATIVE,133.9,ok
sentence-transformers/msmarco-MiniLM-L12-v3,onnx/model.onnx,1371.2,1371.2,0,0,0.0,add-DGP-CLASS-NEGATIVE,151.1,ok
vogent/Vogent-Turn-80M,onnx-fp32/whisper-smol-lm-smaller.onnx,1031.1,,,,,,4.5,"fail: GatedRepoError: 403 Client Error. (Request ID: Root=1-69ebff28-27bdbe1134ca48324c90637a;93f95910-d2d0-45a5-b502-788537a28c74)

Cannot access gated repo for url https://hf-mirror.com/vogent/Vogent-Turn-80M/resolve/mai"
segment-any-text/sat-1l-sm,model.onnx,1540.2,1540.2,0,0,0.0,add-DGP-CLASS-NEGATIVE,148.7,ok
Isotonic/distilbert_finetuned_ai4privacy,onnx/model.onnx,762.5,762.5,0,0,0.0,add-DGP-CLASS-NEGATIVE,94.9,ok
Xenova/all-MiniLM-L12-v2,onnx/model.onnx,438.8,438.8,0,0,0.0,add-DGP-CLASS-NEGATIVE,54.6,ok
AlgorithmicResearchGroup/gpt2-xs,model.onnx,232.7,232.7,0,0,0.0,add-DGP-CLASS-NEGATIVE,35.4,ok
ayousanz/piper-plus-tsukuyomi-chan,tsukuyomi-chan-6lang-fp16.onnx,38.0,38.0,,,,,18.2,"fail: ValueError: cannot reshape array of size 16608 into shape (173,192)"
sentence-transformers-testing/stsb-bert-tiny-onnx,onnx/model.onnx,34.4,34.4,0,0,0.0,add-DGP-CLASS-NEGATIVE,21.5,ok
Felix92/onnxtr-parseq-multilingual-v1,model.onnx,92.3,92.3,0,0,0.0,add-DGP-CLASS-NEGATIVE,15.7,ok
lightonai/LateOn-Code-edge,model.onnx,149.5,149.5,0,0,0.0,add-DGP-CLASS-NEGATIVE,38.2,ok
newmindai/Mursit-Base-TR-Retrieval,model.onnx,1192.7,1192.7,0,0,0.0,add-DGP-CLASS-NEGATIVE,130.8,ok
onnx-community/Kokoro-82M-v1.0-ONNX-timestamped,onnx/model.onnx,1380.3,1380.3,0,0,0.0,add-DGP-CLASS-NEGATIVE,184.2,ok
onnx-community/ModernBERT-base-nli-ONNX,onnx/model.onnx,1847.3,1847.3,0,0,0.0,add-DGP-CLASS-NEGATIVE,182.8,ok
NeuML/ljspeech-jets-onnx,model.onnx,126.4,126.4,0,0,0.0,add-DGP-CLASS-NEGATIVE,18.1,ok
onnx-community/clip-vit-base-patch32-ONNX,onnx/model.onnx,1783.3,1783.3,24,24,0.0,add-DGP-CLASS-NEGATIVE,196.4,ok
tarekziade/pardonmyai,onnx/model.onnx,576.3,576.3,0,0,0.0,add-DGP-CLASS-NEGATIVE,70.5,ok
gety-ai/gety-embed-v0,onnx/model_uint8.onnx,353.2,353.2,0,0,0.0,add-DGP-CLASS-NEGATIVE,44.5,ok
optimum/sbert-all-MiniLM-L6-with-pooler,model.onnx,87.6,87.6,0,0,0.0,add-DGP-CLASS-NEGATIVE,24.2,ok
pszemraj/grammar-synthesis-small,model.onnx,884.3,884.3,0,0,0.0,add-DGP-CLASS-NEGATIVE,107.7,ok
breezedeus/pix2text-mfr-1.5,decoder_model.onnx,114.1,114.1,0,0,0.0,add-DGP-CLASS-NEGATIVE,24.2,ok
imgly/isnet-general-onnx,onnx/model.onnx,252.1,252.1,0,0,0.0,add-DGP-CLASS-NEGATIVE,34.0,ok
sentence-transformers/all-MiniLM-L12-v1,onnx/model.onnx,1116.5,1116.5,0,0,0.0,add-DGP-CLASS-NEGATIVE,150.1,ok
utrobinmv/tts_ru_free_hf_vits_low_multispeaker,model.onnx,106.1,106.1,38,38,0.0,add-DGP-CLASS-NEGATIVE,23.0,ok
protectai/deberta-v3-small-prompt-injection-v2,onnx/model.onnx,1104.2,,,,,,5.6,"fail: GatedRepoError: 403 Client Error. (Request ID: Root=1-69ec0582-10ca40f832f94a7e4769e364;367373d5-74af-4bc9-ad1e-15281cacc526)

Cannot access gated repo for url https://hf-mirror.com/protectai/deberta-v3-small-prompt-"
onnx-community/TinyBERT-finetuned-NER-ONNX,onnx/model.onnx,224.7,224.7,0,0,0.0,add-DGP-CLASS-NEGATIVE,41.4,ok
p1atdev/dart-v1-sft,model.onnx,931.3,931.3,0,0,0.0,add-DGP-CLASS-NEGATIVE,109.0,ok
optimum-internal-testing/tiny-random-T5Model,onnx/encoder_model.onnx,11.6,11.6,0,0,0.0,add-DGP-CLASS-NEGATIVE,13.6,ok
Xenova/GIST-small-Embedding-v0,onnx/model.onnx,439.2,439.2,0,0,0.0,add-DGP-CLASS-NEGATIVE,57.4,ok
onnx-community/pyannote-segmentation-3.0,onnx/model.onnx,26.9,26.9,0,0,0.0,add-DGP-CLASS-NEGATIVE,17.9,ok
istupakov/canary-180m-flash-onnx,decoder-model.onnx,946.8,946.8,0,0,0.0,add-DGP-CLASS-NEGATIVE,110.9,ok
Xenova/owlvit-base-patch32,onnx/model.onnx,1656.1,1656.1,24,24,0.0,add-DGP-CLASS-NEGATIVE,176.7,ok
istupakov/whisper-base-onnx,whisper-base_beamsearch.onnx,483.6,483.6,0,0,0.0,add-DGP-CLASS-NEGATIVE,60.0,ok
BricksDisplay/vits-cmn,onnx/model.onnx,296.9,296.9,38,38,0.0,add-DGP-CLASS-NEGATIVE,47.2,ok
MoritzLaurer/xtremedistil-l6-h256-zeroshot-v1.1-all-33,onnx/model.onnx,110.9,110.9,0,0,0.0,add-DGP-CLASS-NEGATIVE,25.7,ok
Felix92/onnxtr-crnn-mobilenet-v3-large,model.onnx,17.2,17.2,8,8,0.0,add-DGP-CLASS-NEGATIVE,9.5,ok
n24q02m/Qwen3-Embedding-0.6B-ONNX,onnx/model_q4f16.onnx,1100.0,1100.0,,,,,139.1,"fail: ValueError: cannot reshape array of size 77654528 into shape (151669,1024)"
dennisjooo/Birds-Classifier-EfficientNetB2,model.onnx,129.5,129.5,92,92,0.0,add-DGP-CLASS-NEGATIVE,23.7,ok
istupakov/stt_ru_fastconformer_hybrid_large_pc_onnx,model.onnx,1147.6,1147.6,68,68,0.0,add-DGP-CLASS-NEGATIVE,123.0,ok
Xenova/dpt-hybrid-midas,onnx/model.onnx,1550.3,1550.3,0,0,0.0,add-DGP-CLASS-NEGATIVE,150.2,ok
onnx-community/all-MiniLM-L6-v2-ONNX,onnx/model.onnx,210.5,210.5,0,0,0.0,add-DGP-CLASS-NEGATIVE,37.4,ok
onnx-community/bert-tiny-finetuned-sms-spam-detection-ONNX,onnx/model.onnx,77.9,77.9,0,0,0.0,add-DGP-CLASS-NEGATIVE,25.4,ok
nickprock/multi-sentence-BERTino,onnx/model_qint8_avx512_vnni.onnx,323.8,323.8,0,0,0.0,add-DGP-CLASS-NEGATIVE,47.0,ok
gravitee-io/Llama-Prompt-Guard-2-22M-onnx,model.onnx,618.9,618.9,0,0,0.0,add-DGP-CLASS-NEGATIVE,68.6,ok
minuva/MiniLMv2-toxic-jigsaw-onnx,model_optimized_quantized.onnx,22.7,22.7,0,0,0.0,add-DGP-CLASS-NEGATIVE,15.9,ok
Isotonic/distilbert-base-german-cased_finetuned_ai4privacy_v2,onnx/model.onnx,512.4,512.4,0,0,0.0,add-DGP-CLASS-NEGATIVE,74.9,ok
dmko/pythia-14m-ONNX,onnx/model.onnx,200.8,200.8,0,0,0.0,add-DGP-CLASS-NEGATIVE,36.3,ok
Qdrant/gte-large-onnx,model.onnx,1275.8,1275.8,0,0,0.0,add-DGP-CLASS-NEGATIVE,126.3,ok
optimum/distilbert-base-uncased-mnli,model.onnx,256.4,256.4,0,0,0.0,add-DGP-CLASS-NEGATIVE,36.4,ok
Kansallisarkisto/multicentury-htr-model-small-onnx,decoder_model.onnx,242.4,242.4,0,0,0.0,add-DGP-CLASS-NEGATIVE,37.8,ok
bajrangCoder/roberta_spam_onnx,model.onnx,1194.1,1194.1,0,0,0.0,add-DGP-CLASS-NEGATIVE,123.2,ok
hotchpotch/japanese-reranker-tiny-v2,onnx/model.onnx,739.0,739.0,0,0,0.0,add-DGP-CLASS-NEGATIVE,82.3,ok
knowledgator/gliner-pii-edge-v1.0,onnx/model.onnx,478.8,478.8,10,10,0.0,add-DGP-CLASS-NEGATIVE,56.3,ok
redis/langcache-embed-v2,onnx/model.onnx,1710.2,1710.2,0,0,0.0,add-DGP-CLASS-NEGATIVE,178.2,ok
xtmono/guppylm,model.onnx,48.4,48.4,0,0,0.0,add-DGP-CLASS-NEGATIVE,12.9,ok
tamsuiboy/guppylm-9M,model.onnx,77.0,77.0,0,0,0.0,add-DGP-CLASS-NEGATIVE,22.6,ok
zeahub/mobilenetv2-regional-quality,model.onnx,9.4,9.4,0,0,0.0,add-DGP-CLASS-NEGATIVE,6.5,ok
onnx-community/whisper-tiny.en_timestamped,onnx/decoder_model.onnx,1394.6,1394.6,0,0,0.0,add-DGP-CLASS-NEGATIVE,170.5,ok
hynt/Zipformer-30M-RNNT-6000h,joiner-epoch-20-avg-10.onnx,227.3,227.3,0,0,0.0,add-DGP-CLASS-NEGATIVE,34.6,ok
onnx-community/mobilenetv4_conv_small.e2400_r224_in1k,onnx/model.onnx,61.7,61.7,0,0,0.0,add-DGP-CLASS-NEGATIVE,18.7,ok
onnx-community/dinov3-vits16-pretrain-lvd1689m-ONNX,onnx/model.onnx,117.6,117.6,0,0,0.0,add-DGP-CLASS-NEGATIVE,23.2,ok
shreyask/pantheon-ui-onnx,onnx/model.onnx,1804.1,1804.1,,,,,179.5,"fail: ValueError: cannot reshape array of size 67108864 into shape (65536,2048)"
Xenova/gte-base,onnx/model.onnx,1309.7,1309.7,0,0,0.0,add-DGP-CLASS-NEGATIVE,135.6,ok
KnightsAnalytics/all-MiniLM-L6-v2,model.onnx,86.9,86.9,0,0,0.0,add-DGP-CLASS-NEGATIVE,22.3,ok
videosdk-live/Namo-Turn-Detector-v1-Multilingual,model.onnx,1501.2,1501.2,0,0,0.0,add-DGP-CLASS-NEGATIVE,147.1,ok
RaivisDejus/whisper-tiny-lv,onnx/decoder_model.onnx,1103.0,1103.0,0,0,0.0,add-DGP-CLASS-NEGATIVE,146.9,ok
istupakov/silero-vad-onnx,silero_vad.onnx,6.2,6.2,0,0,0.0,add-DGP-CLASS-NEGATIVE,29.5,ok
Xenova/distilbert-base-uncased-distilled-squad,onnx/model.onnx,871.3,871.3,0,0,0.0,add-DGP-CLASS-NEGATIVE,94.0,ok
p1atdev/dart-v2-sft,model_quantized.onnx,329.4,329.4,,,,,45.0,"fail: ValueError: cannot reshape array of size 5884608 into shape (30649,768)"
SmilingWolf/wd-convnext-tagger-v3,model.onnx,1130.0,1130.0,0,0,0.0,add-DGP-CLASS-NEGATIVE,115.0,ok
minishlab/potion-science-32M,onnx/model.onnx,246.9,246.9,0,0,0.0,add-DGP-CLASS-NEGATIVE,54.3,ok
onnx-community/Supertonic-TTS-ONNX,onnx/text_encoder.onnx,251.1,251.1,6,6,0.0,add-DGP-CLASS-NEGATIVE,52.2,ok
klebster/g2p_multilingual_byT5_tiny_onnx,decoder_model.onnx,101.4,101.4,0,0,0.0,add-DGP-CLASS-NEGATIVE,32.4,ok
visheratin/t5-efficient-mini-grammar-correction,decoder_model.onnx,518.7,518.7,0,0,0.0,add-DGP-CLASS-NEGATIVE,96.7,ok
knowledgator/gliclass-small-v1.0,onnx/model.onnx,1272.8,1272.8,0,0,0.0,add-DGP-CLASS-NEGATIVE,132.8,ok
Xenova/speecht5_hifigan,onnx/model.onnx,70.3,70.3,0,0,0.0,add-DGP-CLASS-NEGATIVE,12.8,ok
segment-any-text/sat-9l,model.onnx,1961.5,1961.5,0,0,0.0,add-DGP-CLASS-NEGATIVE,188.4,ok
Xenova/resnet-18,onnx/model.onnx,200.9,200.9,0,0,0.0,add-DGP-CLASS-NEGATIVE,32.4,ok
lightonai/LateOn,model.onnx,1325.1,1325.1,0,0,0.0,add-DGP-CLASS-NEGATIVE,144.1,ok
telepix/PIXIE-Splade-v1.0,onnx/model.onnx,1288.0,1288.0,0,0,0.0,add-DGP-CLASS-NEGATIVE,140.4,ok
onnx-community/whisper-tiny_timestamped,onnx/decoder_model.onnx,1394.8,1394.8,0,0,0.0,add-DGP-CLASS-NEGATIVE,168.8,ok
Xenova/tiny-random-LlavaForConditionalGeneration,onnx/embed_tokens.onnx,145.9,145.9,0,0,0.0,add-DGP-CLASS-NEGATIVE,57.2,ok
prithivMLmods/Common-Voice-Gender-Detection-ONNX,onnx/model.onnx,1044.6,1044.6,0,0,0.0,add-DGP-CLASS-NEGATIVE,107.4,ok
breezedeus/pix2text-mfd-1.5,pix2text-mfd-1.5.onnx,76.6,76.6,102,102,0.0,add-DGP-CLASS-NEGATIVE,15.8,ok
Xenova/detr-resnet-50-panoptic,onnx/model.onnx,289.3,289.3,0,0,0.0,add-DGP-CLASS-NEGATIVE,34.2,ok
celestialcreator/axon-smollm2-360m,onnx/model_q4.onnx,1771.3,1771.3,,,,,178.7,"fail: ValueError: cannot reshape array of size 115200 into shape (960,30,16)"
protectai/distilroberta-bias-onnx,model.onnx,708.6,708.6,0,0,0.0,add-DGP-CLASS-NEGATIVE,78.3,ok
gravitee-io/distilbert-multilingual-toxicity-classifier,model.onnx,1165.9,1165.9,0,0,0.0,add-DGP-CLASS-NEGATIVE,122.1,ok
kemonito233/complete,model.onnx,418.0,418.0,0,0,0.0,add-DGP-CLASS-NEGATIVE,54.0,ok
luxdelux7/ForbiddenVision_Models,ForbiddenVision_face_detect_v1.onnx,91.0,91.0,,,,,18.9,"fail: ValueError: cannot reshape array of size 432 into shape (32,3,3,3)"
harsh-wk/long-seq-paraphrase-MiniLM-L6-v2,onnx/model.onnx,845.0,845.0,0,0,0.0,add-DGP-CLASS-NEGATIVE,110.2,ok
onnx-internal-testing/tiny-random-LlamaForCausalLM-ONNX_external,onnx/model.onnx,7.9,7.9,2,2,0.0,UNCERTIFIED,18.1,ok
meshxdata/foundation-minilm-v1,onnx/model.onnx,44.5,44.5,0,0,0.0,add-DGP-CLASS-NEGATIVE,19.0,ok
Xenova/tiny-random-WhisperForConditionalGeneration,onnx/decoder_model.onnx,77.4,77.4,0,0,0.0,add-DGP-CLASS-NEGATIVE,57.6,ok
BritishWerewolf/U-2-Net,onnx/model.onnx,167.8,167.8,0,0,0.0,add-DGP-CLASS-NEGATIVE,23.3,ok
temsa/IrishCore-GlobalPointer-ContextPII-135M-v1-rc29,onnx/model.onnx,1178.7,1178.7,0,0,0.0,add-DGP-CLASS-NEGATIVE,284.3,ok
nickprock/sentence-bert-base-italian-uncased,onnx/model_qint8_avx512_vnni.onnx,945.2,945.2,0,0,0.0,add-DGP-CLASS-NEGATIVE,104.9,ok
Felix92/onnxtr-db-resnet50,model.onnx,96.2,96.2,0,0,0.0,add-DGP-CLASS-NEGATIVE,16.5,ok
protectai/bert-base-NER-onnx,model.onnx,412.0,412.0,0,0,0.0,add-DGP-CLASS-NEGATIVE,48.6,ok
rhnfzl/wikineural-multilingual-ner-onnx,model.onnx,679.2,679.2,0,0,0.0,add-DGP-CLASS-NEGATIVE,70.5,ok
onnx-community/Supertonic-TTS-2-ONNX,onnx/text_encoder.onnx,251.2,251.2,6,6,0.0,add-DGP-CLASS-NEGATIVE,43.4,ok
jjzha/jobspanbert-base-cased,onnx/model.onnx,1440.4,1440.4,0,0,0.0,add-DGP-CLASS-NEGATIVE,150.4,ok
jonngan/finbert-onnx,model.onnx,418.8,418.8,0,0,0.0,add-DGP-CLASS-NEGATIVE,50.0,ok
nomic-ai/nomic-embed-text-v1-unsupervised,onnx/model.onnx,1176.7,1176.7,12,12,0.0,add-DGP-CLASS-NEGATIVE,132.5,ok
nixiesearch/all-MiniLM-L6-v2-onnx,model.onnx,109.0,109.0,0,0,0.0,add-DGP-CLASS-NEGATIVE,23.1,ok
Xenova/tiny-random-GemmaForCausalLM,onnx/model.onnx,62.7,62.7,0,0,0.0,add-DGP-CLASS-NEGATIVE,22.6,ok
asmud/nomic-embed-indonesian,onnx/model_q8.onnx,654.1,654.1,,,,,90.6,"fail: ValueError: cannot reshape array of size 5861376 into shape (30528,768)"
fancyfeast/joytag,model.onnx,698.3,698.3,0,0,0.0,add-DGP-CLASS-NEGATIVE,70.2,ok
Xenova/mobileclip_s2,onnx/text_model.onnx,1322.1,1322.1,0,0,0.0,add-DGP-CLASS-NEGATIVE,134.7,ok
shermansiu/lc0_BT4-1024x15x32h-swa-5000000,model.onnx,1026.8,1026.8,53,53,0.0,add-DGP-CLASS-NEGATIVE,102.5,ok
UnfilteredAI/Mia-001,model.onnx,932.5,932.5,12,12,0.0,UNCERTIFIED,102.1,ok
sirasagi62/granite-embedding-107m-multilingual-ONNX,onnx/model.onnx,1870.9,1870.9,0,0,0.0,add-DGP-CLASS-NEGATIVE,190.6,ok
DenSec02/glublm-36m,model.onnx,175.8,175.8,,,,,25.5,"fail: ValueError: cannot reshape array of size 819200 into shape (5120,640)"
Qdrant/resnet50-onnx,model.onnx,89.6,89.6,0,0,0.0,add-DGP-CLASS-NEGATIVE,14.5,ok
unsloth/all-MiniLM-L6-v2,onnx/model.onnx,931.7,931.7,0,0,0.0,add-DGP-CLASS-NEGATIVE,114.6,ok
flobiz-og/mbb-web-intent-classifier,onnx/model_quantized.onnx,111.4,111.4,0,0,0.0,add-DGP-CLASS-NEGATIVE,28.1,ok
meshxdata/codeberta-small-v1-onnx,onnx/model.onnx,123.6,123.6,0,0,0.0,add-DGP-CLASS-NEGATIVE,22.9,ok
Xenova/tiny-random-Florence2ForConditionalGeneration,onnx/embed_tokens.onnx,53.6,53.6,0,0,0.0,add-DGP-CLASS-NEGATIVE,33.0,ok
spiele/nsfw_image_detector-ONNX,onnx/model.onnx,911.5,911.5,12,12,0.0,add-DGP-CLASS-NEGATIVE,103.8,ok
onnx-community/roberta-base-openai-detector-ONNX,onnx/model.onnx,1600.0,1600.0,0,0,0.0,add-DGP-CLASS-NEGATIVE,162.9,ok
segment-any-text/sat-6l,model.onnx,1798.1,1798.1,0,0,0.0,add-DGP-CLASS-NEGATIVE,174.2,ok
logasanjeev/bert-emotion-classifier,model.onnx,836.1,836.1,0,0,0.0,add-DGP-CLASS-NEGATIVE,98.6,ok
Xenova/facial_emotions_image_detection,onnx/model.onnx,808.5,808.5,0,0,0.0,add-DGP-CLASS-NEGATIVE,86.3,ok
KittenML/kitten-tts-mini-0.1,kitten_tts_mini_v0_1.onnx,158.4,158.4,0,0,0.0,add-DGP-CLASS-NEGATIVE,20.2,ok
Xenova/wavlm-base-plus-sv,onnx/model.onnx,480.9,480.9,0,0,0.0,add-DGP-CLASS-NEGATIVE,52.0,ok
Qdrant/fast-bge-base-en,model_optimized.onnx,416.3,416.3,0,0,0.0,add-DGP-CLASS-NEGATIVE,51.7,ok
onnx-community/Deep-Fake-Detector-v2-Model-ONNX,onnx/model.onnx,891.8,891.8,0,0,0.0,add-DGP-CLASS-NEGATIVE,105.5,ok
yasserrmd/granite-embedding-r2-onnx,model.onnx,146.4,146.4,0,0,0.0,add-DGP-CLASS-NEGATIVE,26.1,ok
ldenoue/Title_Generation_T5Small_Model,onnx/decoder_model.onnx,754.0,754.0,0,0,0.0,add-DGP-CLASS-NEGATIVE,83.2,ok
justinchuby/BirdNET-onnx,model.onnx,183.0,183.0,58,58,0.0,add-DGP-CLASS-NEGATIVE,42.1,ok
Kadonox/fugumt-ja-en-onnx,onnx/decoder_model.onnx,1126.8,1126.8,6,6,0.0,add-DGP-CLASS-NEGATIVE,120.3,ok
onnx-internal-testing/tiny-random-VoxtralRealtimeForConditionalGeneration,onnx/embed_tokens.onnx,169.6,169.6,0,0,0.0,add-DGP-CLASS-NEGATIVE,37.1,ok
onnx-community/distilbert-NER-ONNX,onnx/model.onnx,850.3,850.3,0,0,0.0,add-DGP-CLASS-NEGATIVE,93.5,ok
onnx-internal-testing/tiny-random-Gemma3ForConditionalGeneration,onnx/embed_tokens.onnx,288.7,288.7,0,0,0.0,add-DGP-CLASS-NEGATIVE,50.3,ok
Xenova/gelan-c_all,onnx/model.onnx,171.1,171.1,138,138,0.0,add-DGP-CLASS-NEGATIVE,28.8,ok
Ceva-IP/DPDFNet,onnx/baseline.onnx,214.2,214.2,10,10,0.0,UNCERTIFIED,34.4,ok
LPX55/detection-model-3-ONNX,onnx/model.onnx,930.4,930.4,0,0,0.0,add-DGP-CLASS-NEGATIVE,96.3,ok
mispeech/ced-mini,model.onnx,47.5,47.5,0,0,0.0,add-DGP-CLASS-NEGATIVE,16.6,ok
Supertone/supertonic,onnx/vocoder.onnx,254.9,254.9,0,0,0.0,add-DGP-CLASS-NEGATIVE,54.8,ok
Hexmon/vyra-yolo-ppe-detection,best.onnx,149.1,149.1,76,76,6.999671389627484e+307,UNCERTIFIED,28.9,ok
amd-quark/tiny-llama-fast-tokenizer,onnx/model.onnx,10.5,10.5,2,2,4.513930523425311e+302,UNCERTIFIED,24.0,ok
onnx-internal-testing/tiny-random-Gemma3nForConditionalGeneration,onnx/embed_tokens.onnx,173.0,173.0,0,0,0.0,add-DGP-CLASS-NEGATIVE,44.2,ok
MoralHazard/GISTsmall,onnx/model.onnx,193.0,193.0,0,0,0.0,add-DGP-CLASS-NEGATIVE,37.6,ok
LPX55/detection-model-6-ONNX,onnx/model.onnx,930.4,930.4,0,0,0.0,add-DGP-CLASS-NEGATIVE,98.4,ok
protectai/deberta-v3-base-injection-onnx,model.onnx,715.0,715.0,0,0,0.0,add-DGP-CLASS-NEGATIVE,79.6,ok
LPX55/detection-model-2-ONNX,onnx/model.onnx,891.8,891.8,0,0,0.0,add-DGP-CLASS-NEGATIVE,96.1,ok
Felix92/onnxtr-crnn-vgg16-bn,model.onnx,60.3,60.3,0,0,0.0,add-DGP-CLASS-NEGATIVE,11.0,ok
Xenova/segformer_b0_clothes,onnx/model.onnx,26.2,26.2,0,0,0.0,add-DGP-CLASS-NEGATIVE,13.7,ok
nagham-mlb/supportbot-model,onnx/model.onnx,631.7,631.7,,,,,78.1,fail: DecodeError: Error parsing message with type 'onnx.ModelProto'
LPX55/detection-model-5-ONNX,onnx/model.onnx,891.8,891.8,0,0,0.0,add-DGP-CLASS-NEGATIVE,94.1,ok
Xenova/resnet-50,onnx/model.onnx,439.1,439.1,0,0,0.0,add-DGP-CLASS-NEGATIVE,52.7,ok
LPX55/detection-model-7-ONNX,onnx/model.onnx,891.8,891.8,0,0,0.0,add-DGP-CLASS-NEGATIVE,93.3,ok
onnx-internal-testing/tiny-random-Qwen3ForCausalLM,onnx/model.onnx,53.6,53.6,2,2,0.0,add-DGP-CLASS-NEGATIVE,24.3,ok
NAKSTStudio/yolov8m-chess-piece-detection,best.onnx,297.1,297.1,77,77,inf,UNCERTIFIED,44.4,ok
Xenova/tiny-random-Wav2Vec2ForCTC-ONNX,onnx/model.onnx,0.2,0.2,0,0,0.0,add-DGP-CLASS-NEGATIVE,11.6,ok
Xenova/swin2SR-classical-sr-x2-64,onnx/model.onnx,179.7,179.7,36,36,0.0,add-DGP-CLASS-NEGATIVE,45.0,ok
castorini/splade-pp-onnx,splade-pp-ed-optimized.onnx,1014.6,1014.6,0,0,0.0,add-DGP-CLASS-NEGATIVE,99.1,ok
Mozilla/smart-tab-embedding,onnx/model.onnx,415.1,415.1,0,0,0.0,add-DGP-CLASS-NEGATIVE,62.4,ok
cfsdwe/static-embedding-japanese-ONNX-for-js,onnx/model.onnx,162.1,162.1,0,0,0.0,add-DGP-CLASS-NEGATIVE,25.5,ok
pszemraj/bart-base-grammar-synthesis,model.onnx,1747.3,1747.3,0,0,0.0,add-DGP-CLASS-NEGATIVE,180.8,ok
rrrpromex/RRR-PRO-MEX-AI-CORE,onnx/model.onnx,1878.6,1878.6,30,30,0.0,add-DGP-CLASS-NEGATIVE,204.9,ok
onnx-internal-testing/tiny-random-LlamaForCausalLM-GQA,onnx/model.onnx,98.1,98.1,2,2,0.0,add-DGP-CLASS-NEGATIVE,22.0,ok
Xenova/sam-vit-base,onnx/model.onnx,1278.9,1278.9,0,0,0.0,add-DGP-CLASS-NEGATIVE,127.7,ok
onnx-community/tiny-random-jais,onnx/model.onnx,15.2,15.2,2,2,0.0,add-DGP-CLASS-NEGATIVE,11.2,ok
aixk/twiny-stack-L04,shared/onnx/latest/twiny-stack-L04.onnx,790.4,790.4,4,4,0.0,UNCERTIFIED,96.4,ok
onnx-community/tiny-random-MarianMTModel,onnx/decoder_model.onnx,119.8,119.8,0,0,0.0,add-DGP-CLASS-NEGATIVE,57.5,ok
Kadonox/fugumt-en-ja-onnx,onnx/decoder_model.onnx,1126.6,1126.6,6,6,0.0,add-DGP-CLASS-NEGATIVE,121.7,ok
Xenova/distilbert-base-uncased,onnx/model.onnx,878.2,878.2,0,0,0.0,add-DGP-CLASS-NEGATIVE,108.8,ok
onnx-community/Falcon-H1-Tiny-90M-Instruct-ONNX,onnx/model.onnx,1027.6,1027.6,48,48,0.0,add-DGP-CLASS-NEGATIVE,114.6,ok
onnx-community/chatgpt-detector-roberta-ONNX,onnx/model.onnx,1600.0,1600.0,0,0,0.0,add-DGP-CLASS-NEGATIVE,165.7,ok
onnx-internal-testing/tiny-random-WhisperForConditionalGeneration-ONNX_external,onnx/encoder_model.onnx,14.1,14.1,0,0,0.0,add-DGP-CLASS-NEGATIVE,27.7,ok
exp-models/dragonkue-KoEn-E5-Tiny,onnx/model.onnx,845.9,845.9,0,0,0.0,add-DGP-CLASS-NEGATIVE,104.9,ok
trentmkelly/slop-detector-mini-2,onnx/model.onnx,678.1,678.1,0,0,0.0,add-DGP-CLASS-NEGATIVE,91.9,ok
Xenova/segformer-b2-finetuned-ade-512-512,onnx/model.onnx,186.1,186.1,0,0,0.0,add-DGP-CLASS-NEGATIVE,26.9,ok
l0wgear/manga-ocr-2025-onnx,decoder_model.onnx,134.1,134.1,0,0,0.0,add-DGP-CLASS-NEGATIVE,26.7,ok
onnx-community/tiny-random-LlamaForCausalLM-ONNX,onnx/model.onnx,131.4,131.4,1,1,0.0,add-DGP-CLASS-NEGATIVE,24.8,ok
onnx-community/wav2vec2-base-Speech_Emotion_Recognition-ONNX,onnx/model.onnx,1044.6,1044.6,0,0,0.0,add-DGP-CLASS-NEGATIVE,107.1,ok
onnx-community/mediapipe_selfie_segmentation,onnx/model.onnx,2.4,2.4,18,18,0.0,add-DGP-CLASS-NEGATIVE,23.4,ok
Negative-Star-Innovators/MiniLM-L6-finetuned-pii-detection-v2,onnx/model.onnx,87.3,87.3,0,0,0.0,add-DGP-CLASS-NEGATIVE,22.8,ok
Felix92/onnxtr-db-mobilenet-v3-large,model.onnx,15.3,15.3,8,8,0.0,add-DGP-CLASS-NEGATIVE,10.1,ok
temsa/gliner2-large-v1-onnx-cpu-qint8,onnx/encoder.onnx,622.2,622.2,0,0,0.0,add-DGP-CLASS-NEGATIVE,69.5,ok
Lettria/onnx-tatr-struct-v1.1-all,model.onnx,110.5,110.5,0,0,0.0,add-DGP-CLASS-NEGATIVE,15.9,ok
fxmarty/onnx-tiny-random-gpt2-with-merge,decoder_model.onnx,2.9,2.9,0,0,0.0,add-DGP-CLASS-NEGATIVE,17.9,ok
Lettria/onnx-tatr-det,model.onnx,110.3,110.3,0,0,0.0,add-DGP-CLASS-NEGATIVE,15.3,ok
onnx-community/tiny-random-olmo-hf,onnx/model.onnx,28.4,28.4,2,2,0.0,add-DGP-CLASS-NEGATIVE,14.9,ok
Xenova/paraphrase-MiniLM-L3-v2,onnx/model.onnx,272.4,272.4,0,0,0.0,add-DGP-CLASS-NEGATIVE,40.9,ok
onnx-community/granite-embedding-small-english-r2-ONNX,onnx/model.onnx,480.4,480.4,12,12,0.0,add-DGP-CLASS-NEGATIVE,68.1,ok
Xenova/trocr-small-printed,onnx/decoder_model.onnx,793.3,793.3,0,0,0.0,add-DGP-CLASS-NEGATIVE,91.1,ok
yihong1120/Construction-Hazard-Detection,models/yolo11/onnx/yolo11l.onnx,1318.1,1318.1,159,159,0.0,add-DGP-CLASS-NEGATIVE,206.3,ok
lc-studio/ruri-v3-130m-onnx,model.onnx,512.6,512.6,19,19,0.0,add-DGP-CLASS-NEGATIVE,62.8,ok
RJTPP/tennis-ball-detection,best.onnx,17.6,17.6,57,57,0.0,add-DGP-CLASS-NEGATIVE,6.9,ok
onnx-internal-testing/tiny-random-BertModel-ONNX,onnx/model.onnx,0.5,0.5,0,0,0.0,add-DGP-CLASS-NEGATIVE,10.6,ok
0xnbk/nbk-ats-semantic-v1-en,onnx/model.onnx,262.5,262.5,0,0,0.0,add-DGP-CLASS-NEGATIVE,52.3,ok
ayousanz/piper-plus-css10-ja-6lang,css10-ja-6lang-fp16.onnx,37.6,37.6,,,,,10.1,"fail: ValueError: cannot reshape array of size 16608 into shape (173,192)"
Felix92/onnxtr-crnn-mobilenet-v3-small,model.onnx,7.9,7.9,9,9,0.0,add-DGP-CLASS-NEGATIVE,7.0,ok
Xenova/quickdraw-mobilevit-small,onnx/model.onnx,55.7,55.7,34,34,2.842299759488641e+307,UNCERTIFIED,18.6,ok
