backbone,gate_type,pass_name,passes_applied,epsilon,verdict,n_syntactic,n_admitted,size_mb,verify_sec,status,error
resnet18,sep_tar,P0_baseline,,2.9501843542692657e+40,add-DGP-CERTIFIED-POSITIVE,1,1,46.5,9.02,ok,
resnet18,sep_tar,P1_eliminate_identity,eliminate_identity,2.9501843542692657e+40,add-DGP-CERTIFIED-POSITIVE,1,1,46.5,8.17,ok,
resnet18,sep_tar,P2_eliminate_deadend,eliminate_deadend,2.9501843542692657e+40,add-DGP-CERTIFIED-POSITIVE,1,1,46.5,7.29,ok,
resnet18,sep_tar,P3_eliminate_dup_init,eliminate_duplicate_initializer,2.9501843542692657e+40,add-DGP-CERTIFIED-POSITIVE,1,1,46.5,6.88,ok,
resnet18,sep_tar,P4_fuse_bn_into_conv,fuse_bn_into_conv,2.9501843542692657e+40,add-DGP-CERTIFIED-POSITIVE,1,1,46.5,9.87,ok,
resnet18,sep_tar,P5_fuse_add_bias_conv,fuse_add_bias_into_conv,2.9501843542692657e+40,add-DGP-CERTIFIED-POSITIVE,1,1,46.5,7.01,ok,
resnet18,sep_tar,P6_eliminate_nop_pad,eliminate_nop_pad,2.9501843542692657e+40,add-DGP-CERTIFIED-POSITIVE,1,1,46.5,7.26,ok,
resnet18,sep_tar,P7_eliminate_csex,eliminate_common_subexpression,2.9501843542692657e+40,add-DGP-CERTIFIED-POSITIVE,1,1,46.5,8.2,ok,
resnet18,sep_tar,P8_combo_aggressive,eliminate_identity;eliminate_deadend;eliminate_duplicate_initializer;fuse_bn_into_conv;fuse_add_bias_into_conv;eliminate_nop_pad;eliminate_common_subexpression,2.9501843542692657e+40,add-DGP-CERTIFIED-POSITIVE,1,1,46.5,7.5,ok,
mobilenet_v2,sep_tar,P0_baseline,,1611.3704350284247,add-DGP-CERTIFIED-POSITIVE,1,1,18.2,22.59,ok,
mobilenet_v2,sep_tar,P1_eliminate_identity,eliminate_identity,1611.3704350284247,add-DGP-CERTIFIED-POSITIVE,1,1,18.2,22.74,ok,
mobilenet_v2,sep_tar,P2_eliminate_deadend,eliminate_deadend,1611.3704350284247,add-DGP-CERTIFIED-POSITIVE,1,1,18.2,22.64,ok,
mobilenet_v2,sep_tar,P3_eliminate_dup_init,eliminate_duplicate_initializer,1611.3704350284247,add-DGP-CERTIFIED-POSITIVE,1,1,18.2,22.44,ok,
mobilenet_v2,sep_tar,P4_fuse_bn_into_conv,fuse_bn_into_conv,1611.3704350284247,add-DGP-CERTIFIED-POSITIVE,1,1,18.2,22.6,ok,
mobilenet_v2,sep_tar,P5_fuse_add_bias_conv,fuse_add_bias_into_conv,1611.3704350284247,add-DGP-CERTIFIED-POSITIVE,1,1,18.2,22.8,ok,
mobilenet_v2,sep_tar,P6_eliminate_nop_pad,eliminate_nop_pad,1611.3704350284247,add-DGP-CERTIFIED-POSITIVE,1,1,18.2,22.27,ok,
mobilenet_v2,sep_tar,P7_eliminate_csex,eliminate_common_subexpression,1611.3704350284247,add-DGP-CERTIFIED-POSITIVE,1,1,18.2,22.6,ok,
mobilenet_v2,sep_tar,P8_combo_aggressive,eliminate_identity;eliminate_deadend;eliminate_duplicate_initializer;fuse_bn_into_conv;fuse_add_bias_into_conv;eliminate_nop_pad;eliminate_common_subexpression,1611.3704350284247,add-DGP-CERTIFIED-POSITIVE,1,1,18.2,22.91,ok,
efficientnet_b0,sep_tar,P0_baseline,,6.5414817440425534e+100,add-DGP-CERTIFIED-POSITIVE,66,3,25.1,23.54,ok,
efficientnet_b0,sep_tar,P1_eliminate_identity,eliminate_identity,6.5414817440425534e+100,add-DGP-CERTIFIED-POSITIVE,66,3,25.1,23.62,ok,
efficientnet_b0,sep_tar,P2_eliminate_deadend,eliminate_deadend,6.5414817440425534e+100,add-DGP-CERTIFIED-POSITIVE,66,3,25.1,23.37,ok,
efficientnet_b0,sep_tar,P3_eliminate_dup_init,eliminate_duplicate_initializer,6.5414817440425534e+100,add-DGP-CERTIFIED-POSITIVE,66,3,25.1,23.44,ok,
efficientnet_b0,sep_tar,P4_fuse_bn_into_conv,fuse_bn_into_conv,6.5414817440425534e+100,add-DGP-CERTIFIED-POSITIVE,66,3,25.1,24.18,ok,
efficientnet_b0,sep_tar,P5_fuse_add_bias_conv,fuse_add_bias_into_conv,6.5414817440425534e+100,add-DGP-CERTIFIED-POSITIVE,66,3,25.1,23.51,ok,
efficientnet_b0,sep_tar,P6_eliminate_nop_pad,eliminate_nop_pad,6.5414817440425534e+100,add-DGP-CERTIFIED-POSITIVE,66,3,25.1,23.85,ok,
efficientnet_b0,sep_tar,P7_eliminate_csex,eliminate_common_subexpression,6.5414817440425534e+100,add-DGP-CERTIFIED-POSITIVE,66,3,25.1,23.66,ok,
efficientnet_b0,sep_tar,P8_combo_aggressive,eliminate_identity;eliminate_deadend;eliminate_duplicate_initializer;fuse_bn_into_conv;fuse_add_bias_into_conv;eliminate_nop_pad;eliminate_common_subexpression,6.5414817440425534e+100,add-DGP-CERTIFIED-POSITIVE,66,3,25.1,23.51,ok,
resnet18,sep_tar,P0_baseline,,2.9501846671338634e+40,add-DGP-CERTIFIED-POSITIVE,1,1,46.6,184.73,ok,
resnet18,sep_tar,P1_eliminate_identity,eliminate_identity,2.9501846671338634e+40,add-DGP-CERTIFIED-POSITIVE,1,1,46.6,168.83,ok,
resnet18,sep_tar,P2_eliminate_deadend,eliminate_deadend,2.9501846671338634e+40,add-DGP-CERTIFIED-POSITIVE,1,1,46.6,196.13,ok,
resnet18,sep_tar,P3_eliminate_dup_init,eliminate_duplicate_initializer,2.9501846671338634e+40,add-DGP-CERTIFIED-POSITIVE,1,1,46.6,173.2,ok,
resnet18,sep_tar,P4_fuse_bn_into_conv,fuse_bn_into_conv,0.0,add-DGP-CLASS-NEGATIVE,1,1,46.6,174.81,ok,
resnet18,sep_tar,P5_fuse_add_bias_conv,fuse_add_bias_into_conv,2.9501846671338634e+40,add-DGP-CERTIFIED-POSITIVE,1,1,46.6,209.49,ok,
resnet18,sep_tar,P6_eliminate_nop_pad,eliminate_nop_pad,2.9501846671338634e+40,add-DGP-CERTIFIED-POSITIVE,1,1,46.6,172.69,ok,
resnet18,sep_tar,P7_eliminate_csex,eliminate_common_subexpression,2.9501846671338634e+40,add-DGP-CERTIFIED-POSITIVE,1,1,46.6,149.92,ok,
resnet18,sep_tar,P8_combo_aggressive,eliminate_identity;eliminate_deadend;eliminate_duplicate_initializer;fuse_bn_into_conv;fuse_add_bias_into_conv;eliminate_nop_pad;eliminate_common_subexpression,0.0,add-DGP-CLASS-NEGATIVE,1,1,46.6,171.88,ok,
mobilenet_v2,sep_tar,P0_baseline,,1611.3704350284247,add-DGP-CERTIFIED-POSITIVE,1,1,18.5,73.55,ok,
mobilenet_v2,sep_tar,P1_eliminate_identity,eliminate_identity,1611.3704350284247,add-DGP-CERTIFIED-POSITIVE,1,1,18.5,73.59,ok,
mobilenet_v2,sep_tar,P2_eliminate_deadend,eliminate_deadend,1611.3704350284247,add-DGP-CERTIFIED-POSITIVE,1,1,18.5,71.56,ok,
mobilenet_v2,sep_tar,P3_eliminate_dup_init,eliminate_duplicate_initializer,1611.3704350284247,add-DGP-CERTIFIED-POSITIVE,1,1,18.5,72.08,ok,
mobilenet_v2,sep_tar,P4_fuse_bn_into_conv,fuse_bn_into_conv,0.0,UNCERTIFIED,1,1,18.5,72.72,ok,
mobilenet_v2,sep_tar,P5_fuse_add_bias_conv,fuse_add_bias_into_conv,1611.3704350284247,add-DGP-CERTIFIED-POSITIVE,1,1,18.5,70.59,ok,
mobilenet_v2,sep_tar,P6_eliminate_nop_pad,eliminate_nop_pad,1611.3704350284247,add-DGP-CERTIFIED-POSITIVE,1,1,18.5,68.64,ok,
mobilenet_v2,sep_tar,P7_eliminate_csex,eliminate_common_subexpression,1611.3704350284247,add-DGP-CERTIFIED-POSITIVE,1,1,18.5,77.62,ok,
mobilenet_v2,sep_tar,P8_combo_aggressive,eliminate_identity;eliminate_deadend;eliminate_duplicate_initializer;fuse_bn_into_conv;fuse_add_bias_into_conv;eliminate_nop_pad;eliminate_common_subexpression,0.0,UNCERTIFIED,1,1,18.5,47.74,ok,
efficientnet_b0,sep_tar,P0_baseline,,6.5414818494232965e+100,add-DGP-CERTIFIED-POSITIVE,66,3,25.3,70.41,ok,
efficientnet_b0,sep_tar,P1_eliminate_identity,eliminate_identity,6.5414818494232965e+100,add-DGP-CERTIFIED-POSITIVE,66,3,25.3,66.71,ok,
efficientnet_b0,sep_tar,P2_eliminate_deadend,eliminate_deadend,6.5414818494232965e+100,add-DGP-CERTIFIED-POSITIVE,66,3,25.3,72.6,ok,
efficientnet_b0,sep_tar,P3_eliminate_dup_init,eliminate_duplicate_initializer,6.5414818494232965e+100,add-DGP-CERTIFIED-POSITIVE,66,3,25.3,72.62,ok,
efficientnet_b0,sep_tar,P4_fuse_bn_into_conv,fuse_bn_into_conv,0.0,UNCERTIFIED,66,3,25.4,79.37,ok,
efficientnet_b0,sep_tar,P5_fuse_add_bias_conv,fuse_add_bias_into_conv,6.5414818494232965e+100,add-DGP-CERTIFIED-POSITIVE,66,3,25.3,68.15,ok,
efficientnet_b0,sep_tar,P6_eliminate_nop_pad,eliminate_nop_pad,6.5414818494232965e+100,add-DGP-CERTIFIED-POSITIVE,66,3,25.3,66.36,ok,
efficientnet_b0,sep_tar,P7_eliminate_csex,eliminate_common_subexpression,6.5414818494232965e+100,add-DGP-CERTIFIED-POSITIVE,66,3,25.3,62.83,ok,
efficientnet_b0,sep_tar,P8_combo_aggressive,eliminate_identity;eliminate_deadend;eliminate_duplicate_initializer;fuse_bn_into_conv;fuse_add_bias_into_conv;eliminate_nop_pad;eliminate_common_subexpression,0.0,UNCERTIFIED,66,3,25.4,75.63,ok,
resnet18,sep_tar,P0_baseline,,2.9501846671338634e+40,add-DGP-CERTIFIED-POSITIVE,1,1,46.6,11.57,ok,
resnet18,sep_tar,P1_eliminate_identity,eliminate_identity,2.9501846671338634e+40,add-DGP-CERTIFIED-POSITIVE,1,1,46.6,11.23,ok,
resnet18,sep_tar,P2_eliminate_deadend,eliminate_deadend,2.9501846671338634e+40,add-DGP-CERTIFIED-POSITIVE,1,1,46.6,10.91,ok,
resnet18,sep_tar,P3_eliminate_dup_init,eliminate_duplicate_initializer,2.9501846671338634e+40,add-DGP-CERTIFIED-POSITIVE,1,1,46.6,10.55,ok,
resnet18,sep_tar,P4_fuse_bn_into_conv,fuse_bn_into_conv,0.0,add-DGP-CLASS-NEGATIVE,1,1,46.6,4.43,ok,
resnet18,sep_tar,P5_fuse_add_bias_conv,fuse_add_bias_into_conv,2.9501846671338634e+40,add-DGP-CERTIFIED-POSITIVE,1,1,46.6,11.29,ok,
resnet18,sep_tar,P6_eliminate_nop_pad,eliminate_nop_pad,2.9501846671338634e+40,add-DGP-CERTIFIED-POSITIVE,1,1,46.6,10.67,ok,
resnet18,sep_tar,P7_eliminate_csex,eliminate_common_subexpression,2.9501846671338634e+40,add-DGP-CERTIFIED-POSITIVE,1,1,46.6,11.82,ok,
resnet18,sep_tar,P8_combo_aggressive,eliminate_identity;eliminate_deadend;eliminate_duplicate_initializer;fuse_bn_into_conv;fuse_add_bias_into_conv;eliminate_nop_pad;eliminate_common_subexpression,0.0,add-DGP-CLASS-NEGATIVE,1,1,46.6,3.88,ok,
mobilenet_v2,sep_tar,P0_baseline,,1611.3704350284247,add-DGP-CERTIFIED-POSITIVE,1,1,18.5,25.73,ok,
mobilenet_v2,sep_tar,P1_eliminate_identity,eliminate_identity,1611.3704350284247,add-DGP-CERTIFIED-POSITIVE,1,1,18.5,25.68,ok,
mobilenet_v2,sep_tar,P2_eliminate_deadend,eliminate_deadend,1611.3704350284247,add-DGP-CERTIFIED-POSITIVE,1,1,18.5,25.69,ok,
mobilenet_v2,sep_tar,P3_eliminate_dup_init,eliminate_duplicate_initializer,1611.3704350284247,add-DGP-CERTIFIED-POSITIVE,1,1,18.5,26.23,ok,
mobilenet_v2,sep_tar,P4_fuse_bn_into_conv,fuse_bn_into_conv,0.0,UNCERTIFIED,1,1,18.5,25.78,ok,
mobilenet_v2,sep_tar,P5_fuse_add_bias_conv,fuse_add_bias_into_conv,1611.3704350284247,add-DGP-CERTIFIED-POSITIVE,1,1,18.5,25.75,ok,
mobilenet_v2,sep_tar,P6_eliminate_nop_pad,eliminate_nop_pad,1611.3704350284247,add-DGP-CERTIFIED-POSITIVE,1,1,18.5,26.02,ok,
mobilenet_v2,sep_tar,P7_eliminate_csex,eliminate_common_subexpression,1611.3704350284247,add-DGP-CERTIFIED-POSITIVE,1,1,18.5,25.86,ok,
mobilenet_v2,sep_tar,P8_combo_aggressive,eliminate_identity;eliminate_deadend;eliminate_duplicate_initializer;fuse_bn_into_conv;fuse_add_bias_into_conv;eliminate_nop_pad;eliminate_common_subexpression,0.0,UNCERTIFIED,1,1,18.5,25.75,ok,
efficientnet_b0,sep_tar,P0_baseline,,6.5414818494232965e+100,add-DGP-CERTIFIED-POSITIVE,66,3,25.3,26.58,ok,
efficientnet_b0,sep_tar,P1_eliminate_identity,eliminate_identity,6.5414818494232965e+100,add-DGP-CERTIFIED-POSITIVE,66,3,25.3,27.36,ok,
efficientnet_b0,sep_tar,P2_eliminate_deadend,eliminate_deadend,6.5414818494232965e+100,add-DGP-CERTIFIED-POSITIVE,66,3,25.3,28.01,ok,
efficientnet_b0,sep_tar,P3_eliminate_dup_init,eliminate_duplicate_initializer,6.5414818494232965e+100,add-DGP-CERTIFIED-POSITIVE,66,3,25.3,28.07,ok,
efficientnet_b0,sep_tar,P4_fuse_bn_into_conv,fuse_bn_into_conv,0.0,UNCERTIFIED,66,3,25.4,34.19,ok,
efficientnet_b0,sep_tar,P5_fuse_add_bias_conv,fuse_add_bias_into_conv,6.5414818494232965e+100,add-DGP-CERTIFIED-POSITIVE,66,3,25.3,27.41,ok,
efficientnet_b0,sep_tar,P6_eliminate_nop_pad,eliminate_nop_pad,6.5414818494232965e+100,add-DGP-CERTIFIED-POSITIVE,66,3,25.3,27.78,ok,
efficientnet_b0,sep_tar,P7_eliminate_csex,eliminate_common_subexpression,6.5414818494232965e+100,add-DGP-CERTIFIED-POSITIVE,66,3,25.3,27.75,ok,
efficientnet_b0,sep_tar,P8_combo_aggressive,eliminate_identity;eliminate_deadend;eliminate_duplicate_initializer;fuse_bn_into_conv;fuse_add_bias_into_conv;eliminate_nop_pad;eliminate_common_subexpression,0.0,UNCERTIFIED,66,3,25.4,34.3,ok,
