backbone,gate_type,weight_init,rho,n,seed,activation,empirical_shift,bound_total,bound_bias,bound_sampling,sound,L_phi,max_MAD,max_IQR,delta_i,gate_dim,n_gates,extract_sec
resnet18,sep_tar,pretrained,0.0,400,0,relu,0.0,0.0,0.0,0.0,True,1.0,0.006701283156871796,0.013471130281686783,0.0,1,1,45.29
resnet18,sep_tar,pretrained,0.0,400,1,relu,0.0,0.0,0.0,0.0,True,1.0,0.006701283156871796,0.013471130281686783,0.0,1,1,45.29
resnet18,sep_tar,pretrained,0.05,400,0,relu,0.0,0.004482758541901907,0.004482758541901907,0.0,True,1.0,0.006701283156871796,0.013471130281686783,0.0011206896354754767,1,1,45.29
resnet18,sep_tar,pretrained,0.05,400,1,relu,0.0,0.004482758541901907,0.004482758541901907,0.0,True,1.0,0.006701283156871796,0.013471130281686783,0.0011206896354754767,1,1,45.29
resnet18,sep_tar,pretrained,0.1,400,0,relu,0.0,0.01008620671927929,0.01008620671927929,0.0,True,1.0,0.006701283156871796,0.013471130281686783,0.0025215516798198223,1,1,45.29
resnet18,sep_tar,pretrained,0.1,400,1,relu,0.0,0.01008620671927929,0.01008620671927929,0.0,True,1.0,0.006701283156871796,0.013471130281686783,0.0025215516798198223,1,1,45.29
resnet18,sep_tar,pretrained,0.2,400,0,relu,0.0,0.02689655125141144,0.02689655125141144,0.0,True,1.0,0.006701283156871796,0.013471130281686783,0.00672413781285286,1,1,45.29
resnet18,sep_tar,pretrained,0.2,400,1,relu,0.0,0.02689655125141144,0.02689655125141144,0.0,True,1.0,0.006701283156871796,0.013471130281686783,0.00672413781285286,1,1,45.29
resnet18,sha_un,pretrained,0.0,400,0,relu,0.0,0.0,0.0,0.0,True,1.0,0.001055791974067688,0.0021431036293506622,0.0,2,2,45.52
resnet18,sha_un,pretrained,0.0,400,1,relu,0.0,0.0,0.0,0.0,True,1.0,0.001055791974067688,0.0021431036293506622,0.0,2,2,45.52
resnet18,sha_un,pretrained,0.05,400,0,relu,0.0,0.0007108656896485223,0.0007108656896485223,0.0,True,1.0,0.001055791974067688,0.0021431036293506622,0.00017771642241213057,2,2,45.52
resnet18,sha_un,pretrained,0.05,400,1,relu,0.0,0.0007108656896485223,0.0007108656896485223,0.0,True,1.0,0.001055791974067688,0.0021431036293506622,0.00017771642241213057,2,2,45.52
resnet18,sha_un,pretrained,0.1,400,0,relu,0.0,0.0015994478017091751,0.0015994478017091751,0.0,True,1.0,0.001055791974067688,0.0021431036293506622,0.0003998619504272938,2,2,45.52
resnet18,sha_un,pretrained,0.1,400,1,relu,0.0,0.0015994478017091751,0.0015994478017091751,0.0,True,1.0,0.001055791974067688,0.0021431036293506622,0.0003998619504272938,2,2,45.52
resnet18,sha_un,pretrained,0.2,400,0,relu,0.0,0.004265194137891134,0.004265194137891134,0.0,True,1.0,0.001055791974067688,0.0021431036293506622,0.0010662985344727836,2,2,45.52
resnet18,sha_un,pretrained,0.2,400,1,relu,0.0,0.004265194137891134,0.004265194137891134,0.0,True,1.0,0.001055791974067688,0.0021431036293506622,0.0010662985344727836,2,2,45.52
resnet18,int_un,pretrained,0.0,400,0,relu,0.0,0.0,0.0,0.0,True,1.0,0.008251547813415527,0.016552701592445374,0.0,3,3,48.47
resnet18,int_un,pretrained,0.0,400,1,relu,0.0,0.0,0.0,0.0,True,1.0,0.008251547813415527,0.016552701592445374,0.0,3,3,48.47
resnet18,int_un,pretrained,0.05,400,0,relu,0.0010312795639038086,0.005512055423524645,0.005512055423524645,0.0,True,1.0,0.008251547813415527,0.016552701592445374,0.0013780138558811613,3,3,48.47
resnet18,int_un,pretrained,0.05,400,1,relu,0.0010312795639038086,0.005512055423524645,0.005512055423524645,0.0,True,1.0,0.008251547813415527,0.016552701592445374,0.0013780138558811613,3,3,48.47
resnet18,int_un,pretrained,0.1,400,0,relu,0.002840787172317505,0.01240212470293045,0.01240212470293045,0.0,True,1.0,0.008251547813415527,0.016552701592445374,0.0031005311757326126,3,3,48.47
resnet18,int_un,pretrained,0.1,400,1,relu,0.002840787172317505,0.01240212470293045,0.01240212470293045,0.0,True,1.0,0.008251547813415527,0.016552701592445374,0.0031005311757326126,3,3,48.47
resnet18,int_un,pretrained,0.2,400,0,relu,0.0071512386202812195,0.03307233254114787,0.03307233254114787,0.0,True,1.0,0.008251547813415527,0.016552701592445374,0.008268083135286968,3,3,48.47
resnet18,int_un,pretrained,0.2,400,1,relu,0.0071512386202812195,0.03307233254114787,0.03307233254114787,0.0,True,1.0,0.008251547813415527,0.016552701592445374,0.008268083135286968,3,3,48.47
resnet50,sep_tar,pretrained,0.0,400,0,relu,0.0,0.0,0.0,0.0,True,1.0,0.001562461256980896,0.003073388710618019,0.0,1,1,117.72
resnet50,sep_tar,pretrained,0.0,400,1,relu,0.0,0.0,0.0,0.0,True,1.0,0.001562461256980896,0.003073388710618019,0.0,1,1,117.72
resnet50,sep_tar,pretrained,0.05,400,0,relu,0.0,0.001030188881688648,0.001030188881688648,0.0,True,1.0,0.001562461256980896,0.003073388710618019,0.000257547220422162,1,1,117.72
resnet50,sep_tar,pretrained,0.05,400,1,relu,0.0,0.001030188881688648,0.001030188881688648,0.0,True,1.0,0.001562461256980896,0.003073388710618019,0.000257547220422162,1,1,117.72
resnet50,sep_tar,pretrained,0.1,400,0,relu,0.0,0.0023179249837994576,0.0023179249837994576,0.0,True,1.0,0.001562461256980896,0.003073388710618019,0.0005794812459498644,1,1,117.72
resnet50,sep_tar,pretrained,0.1,400,1,relu,0.0,0.0023179249837994576,0.0023179249837994576,0.0,True,1.0,0.001562461256980896,0.003073388710618019,0.0005794812459498644,1,1,117.72
resnet50,sep_tar,pretrained,0.2,400,0,relu,0.0,0.006181133290131887,0.006181133290131887,0.0,True,1.0,0.001562461256980896,0.003073388710618019,0.0015452833225329718,1,1,117.72
resnet50,sep_tar,pretrained,0.2,400,1,relu,0.0,0.006181133290131887,0.006181133290131887,0.0,True,1.0,0.001562461256980896,0.003073388710618019,0.0015452833225329718,1,1,117.72
resnet50,sha_un,pretrained,0.0,400,0,relu,0.0,0.0,0.0,0.0,True,1.0,0.000421181321144104,0.0008421130478382111,0.0,2,2,64.28
resnet50,sha_un,pretrained,0.0,400,1,relu,0.0,0.0,0.0,0.0,True,1.0,0.000421181321144104,0.0008421130478382111,0.0,2,2,64.28
resnet50,sha_un,pretrained,0.05,400,0,relu,0.0,0.00028073208199607004,0.00028073208199607004,0.0,True,1.0,0.000421181321144104,0.0008421130478382111,7.018302049901751e-05,2,2,64.28
resnet50,sha_un,pretrained,0.05,400,1,relu,0.0,0.00028073208199607004,0.00028073208199607004,0.0,True,1.0,0.000421181321144104,0.0008421130478382111,7.018302049901751e-05,2,2,64.28
resnet50,sha_un,pretrained,0.1,400,0,relu,0.0,0.0006316471844911575,0.0006316471844911575,0.0,True,1.0,0.000421181321144104,0.0008421130478382111,0.00015791179612278938,2,2,64.28
resnet50,sha_un,pretrained,0.1,400,1,relu,0.0,0.0006316471844911575,0.0006316471844911575,0.0,True,1.0,0.000421181321144104,0.0008421130478382111,0.00015791179612278938,2,2,64.28
resnet50,sha_un,pretrained,0.2,400,0,relu,0.0,0.0016843924919764204,0.0016843924919764204,0.0,True,1.0,0.000421181321144104,0.0008421130478382111,0.0004210981229941051,2,2,64.28
resnet50,sha_un,pretrained,0.2,400,1,relu,0.0,0.0016843924919764204,0.0016843924919764204,0.0,True,1.0,0.000421181321144104,0.0008421130478382111,0.0004210981229941051,2,2,64.28
resnet50,int_un,pretrained,0.0,400,0,relu,0.0,0.0,0.0,0.0,True,1.0,0.002440229058265686,0.004816088825464249,0.0,3,3,27.11
resnet50,int_un,pretrained,0.0,400,1,relu,0.0,0.0,0.0,0.0,True,1.0,0.002440229058265686,0.004816088825464249,0.0,3,3,27.11
resnet50,int_un,pretrained,0.05,400,0,relu,0.0,0.001612515085273319,0.001612515085273319,0.0,True,1.0,0.002440229058265686,0.004816088825464249,0.00040312877131832973,3,3,27.11
resnet50,int_un,pretrained,0.05,400,1,relu,0.0,0.001612515085273319,0.001612515085273319,0.0,True,1.0,0.002440229058265686,0.004816088825464249,0.00040312877131832973,3,3,27.11
resnet50,int_un,pretrained,0.1,400,0,relu,0.0,0.0036281589418649673,0.0036281589418649673,0.0,True,1.0,0.002440229058265686,0.004816088825464249,0.0009070397354662418,3,3,27.11
resnet50,int_un,pretrained,0.1,400,1,relu,0.0,0.0036281589418649673,0.0036281589418649673,0.0,True,1.0,0.002440229058265686,0.004816088825464249,0.0009070397354662418,3,3,27.11
resnet50,int_un,pretrained,0.2,400,0,relu,0.0,0.009675090511639914,0.009675090511639914,0.0,True,1.0,0.002440229058265686,0.004816088825464249,0.0024187726279099784,3,3,27.11
resnet50,int_un,pretrained,0.2,400,1,relu,0.0,0.009675090511639914,0.009675090511639914,0.0,True,1.0,0.002440229058265686,0.004816088825464249,0.0024187726279099784,3,3,27.11
mobilenet_v2,sep_tar,pretrained,0.0,400,0,relu,0.0,0.0,0.0,0.0,True,1.0,0.0025474615395069122,0.00499858520925045,0.0,1,1,11.85
mobilenet_v2,sep_tar,pretrained,0.0,400,1,relu,0.0,0.0,0.0,0.0,True,1.0,0.0025474615395069122,0.00499858520925045,0.0,1,1,11.85
mobilenet_v2,sep_tar,pretrained,0.05,400,0,relu,0.0,0.0016768992775016362,0.0016768992775016362,0.0,True,1.0,0.0025474615395069122,0.00499858520925045,0.00041922481937540904,1,1,11.85
mobilenet_v2,sep_tar,pretrained,0.05,400,1,relu,0.0,0.0016768992775016362,0.0016768992775016362,0.0,True,1.0,0.0025474615395069122,0.00499858520925045,0.00041922481937540904,1,1,11.85
mobilenet_v2,sep_tar,pretrained,0.1,400,0,relu,0.0,0.003773023374378681,0.003773023374378681,0.0,True,1.0,0.0025474615395069122,0.00499858520925045,0.0009432558435946703,1,1,11.85
mobilenet_v2,sep_tar,pretrained,0.1,400,1,relu,0.0,0.003773023374378681,0.003773023374378681,0.0,True,1.0,0.0025474615395069122,0.00499858520925045,0.0009432558435946703,1,1,11.85
mobilenet_v2,sep_tar,pretrained,0.2,400,0,relu,0.0,0.010061395665009817,0.010061395665009817,0.0,True,1.0,0.0025474615395069122,0.00499858520925045,0.0025153489162524543,1,1,11.85
mobilenet_v2,sep_tar,pretrained,0.2,400,1,relu,0.0,0.010061395665009817,0.010061395665009817,0.0,True,1.0,0.0025474615395069122,0.00499858520925045,0.0025153489162524543,1,1,11.85
mobilenet_v2,sha_un,pretrained,0.0,400,0,relu,0.0,0.0,0.0,0.0,True,1.0,0.0006219074130058289,0.0012381300330162048,0.0,2,2,12.65
mobilenet_v2,sha_un,pretrained,0.0,400,1,relu,0.0,0.0,0.0,0.0,True,1.0,0.0006219074130058289,0.0012381300330162048,0.0,2,2,12.65
mobilenet_v2,sha_un,pretrained,0.05,400,0,relu,0.0,0.00041334165467156307,0.00041334165467156307,0.0,True,1.0,0.0006219074130058289,0.0012381300330162048,0.00010333541366789077,2,2,12.65
mobilenet_v2,sha_un,pretrained,0.05,400,1,relu,0.0,0.00041334165467156307,0.00041334165467156307,0.0,True,1.0,0.0006219074130058289,0.0012381300330162048,0.00010333541366789077,2,2,12.65
mobilenet_v2,sha_un,pretrained,0.1,400,0,relu,0.0,0.0009300187230110168,0.0009300187230110168,0.0,True,1.0,0.0006219074130058289,0.0012381300330162048,0.0002325046807527542,2,2,12.65
mobilenet_v2,sha_un,pretrained,0.1,400,1,relu,0.0,0.0009300187230110168,0.0009300187230110168,0.0,True,1.0,0.0006219074130058289,0.0012381300330162048,0.0002325046807527542,2,2,12.65
mobilenet_v2,sha_un,pretrained,0.2,400,0,relu,0.0,0.0024800499280293784,0.0024800499280293784,0.0,True,1.0,0.0006219074130058289,0.0012381300330162048,0.0006200124820073446,2,2,12.65
mobilenet_v2,sha_un,pretrained,0.2,400,1,relu,0.0,0.0024800499280293784,0.0024800499280293784,0.0,True,1.0,0.0006219074130058289,0.0012381300330162048,0.0006200124820073446,2,2,12.65
mobilenet_v2,int_un,pretrained,0.0,400,0,relu,0.0,0.0,0.0,0.0,True,1.0,0.003279268741607666,0.006556577980518341,0.0,3,3,20.85
mobilenet_v2,int_un,pretrained,0.0,400,1,relu,0.0,0.0,0.0,0.0,True,1.0,0.003279268741607666,0.006556577980518341,0.0,3,3,20.85
mobilenet_v2,int_un,pretrained,0.05,400,0,relu,0.0,0.0021857437160280016,0.0021857437160280016,0.0,True,1.0,0.003279268741607666,0.006556577980518341,0.0005464359290070004,3,3,20.85
mobilenet_v2,int_un,pretrained,0.05,400,1,relu,0.0,0.0021857437160280016,0.0021857437160280016,0.0,True,1.0,0.003279268741607666,0.006556577980518341,0.0005464359290070004,3,3,20.85
mobilenet_v2,int_un,pretrained,0.1,400,0,relu,0.0,0.0049179233610630035,0.0049179233610630035,0.0,True,1.0,0.003279268741607666,0.006556577980518341,0.0012294808402657509,3,3,20.85
mobilenet_v2,int_un,pretrained,0.1,400,1,relu,0.0,0.0049179233610630035,0.0049179233610630035,0.0,True,1.0,0.003279268741607666,0.006556577980518341,0.0012294808402657509,3,3,20.85
mobilenet_v2,int_un,pretrained,0.2,400,0,relu,0.0,0.01311446229616801,0.01311446229616801,0.0,True,1.0,0.003279268741607666,0.006556577980518341,0.0032786155740420026,3,3,20.85
mobilenet_v2,int_un,pretrained,0.2,400,1,relu,0.0,0.01311446229616801,0.01311446229616801,0.0,True,1.0,0.003279268741607666,0.006556577980518341,0.0032786155740420026,3,3,20.85
efficientnet_b0,sep_tar,pretrained,0.0,400,0,relu,0.0,0.0,0.0,0.0,True,1.0,0.0006588585674762726,0.0014201793819665909,0.0,1,1,27.25
efficientnet_b0,sep_tar,pretrained,0.0,400,1,relu,0.0,0.0,0.0,0.0,True,1.0,0.0006588585674762726,0.0014201793819665909,0.0,1,1,27.25
efficientnet_b0,sep_tar,pretrained,0.05,400,0,relu,0.0,0.00046200843320952524,0.00046200843320952524,0.0,True,1.0,0.0006588585674762726,0.0014201793819665909,0.00011550210830238131,1,1,27.25
efficientnet_b0,sep_tar,pretrained,0.05,400,1,relu,0.0,0.00046200843320952524,0.00046200843320952524,0.0,True,1.0,0.0006588585674762726,0.0014201793819665909,0.00011550210830238131,1,1,27.25
efficientnet_b0,sep_tar,pretrained,0.1,400,0,relu,0.0,0.0010395189747214317,0.0010395189747214317,0.0,True,1.0,0.0006588585674762726,0.0014201793819665909,0.00025987974368035793,1,1,27.25
efficientnet_b0,sep_tar,pretrained,0.1,400,1,relu,0.0,0.0010395189747214317,0.0010395189747214317,0.0,True,1.0,0.0006588585674762726,0.0014201793819665909,0.00025987974368035793,1,1,27.25
efficientnet_b0,sep_tar,pretrained,0.2,400,0,relu,0.0,0.0027720505992571516,0.0027720505992571516,0.0,True,1.0,0.0006588585674762726,0.0014201793819665909,0.0006930126498142879,1,1,27.25
efficientnet_b0,sep_tar,pretrained,0.2,400,1,relu,0.0,0.0027720505992571516,0.0027720505992571516,0.0,True,1.0,0.0006588585674762726,0.0014201793819665909,0.0006930126498142879,1,1,27.25
efficientnet_b0,sha_un,pretrained,0.0,400,0,relu,0.0,0.0,0.0,0.0,True,1.0,0.00014287233352661133,0.0003459937870502472,0.0,2,2,14.85
efficientnet_b0,sha_un,pretrained,0.0,400,1,relu,0.0,0.0,0.0,0.0,True,1.0,0.00014287233352661133,0.0003459937870502472,0.0,2,2,14.85
efficientnet_b0,sha_un,pretrained,0.05,400,0,relu,0.0,0.00010796967479917739,0.00010796967479917739,0.0,True,1.0,0.00014287233352661133,0.0003459937870502472,2.6992418699794347e-05,2,2,14.85
efficientnet_b0,sha_un,pretrained,0.05,400,1,relu,0.0,0.00010796967479917739,0.00010796967479917739,0.0,True,1.0,0.00014287233352661133,0.0003459937870502472,2.6992418699794347e-05,2,2,14.85
efficientnet_b0,sha_un,pretrained,0.1,400,0,relu,0.0,0.0002429317682981491,0.0002429317682981491,0.0,True,1.0,0.00014287233352661133,0.0003459937870502472,6.073294207453728e-05,2,2,14.85
efficientnet_b0,sha_un,pretrained,0.1,400,1,relu,0.0,0.0002429317682981491,0.0002429317682981491,0.0,True,1.0,0.00014287233352661133,0.0003459937870502472,6.073294207453728e-05,2,2,14.85
efficientnet_b0,sha_un,pretrained,0.2,400,0,relu,0.0,0.0006478180487950643,0.0006478180487950643,0.0,True,1.0,0.00014287233352661133,0.0003459937870502472,0.00016195451219876608,2,2,14.85
efficientnet_b0,sha_un,pretrained,0.2,400,1,relu,0.0,0.0006478180487950643,0.0006478180487950643,0.0,True,1.0,0.00014287233352661133,0.0003459937870502472,0.00016195451219876608,2,2,14.85
efficientnet_b0,int_un,pretrained,0.0,400,0,relu,0.0,0.0,0.0,0.0,True,1.0,0.0008490495383739471,0.0017068926244974136,0.0,3,3,11.56
efficientnet_b0,int_un,pretrained,0.0,400,1,relu,0.0,0.0,0.0,0.0,True,1.0,0.0008490495383739471,0.0017068926244974136,0.0,3,3,11.56
efficientnet_b0,int_un,pretrained,0.05,400,0,relu,0.0,0.0005679871473047469,0.0005679871473047469,0.0,True,1.0,0.0008490495383739471,0.0017068926244974136,0.00014199678682618672,3,3,11.56
efficientnet_b0,int_un,pretrained,0.05,400,1,relu,0.0,0.0005679871473047469,0.0005679871473047469,0.0,True,1.0,0.0008490495383739471,0.0017068926244974136,0.00014199678682618672,3,3,11.56
efficientnet_b0,int_un,pretrained,0.1,400,0,relu,0.0,0.0012779710814356804,0.0012779710814356804,0.0,True,1.0,0.0008490495383739471,0.0017068926244974136,0.0003194927703589201,3,3,11.56
efficientnet_b0,int_un,pretrained,0.1,400,1,relu,0.0,0.0012779710814356804,0.0012779710814356804,0.0,True,1.0,0.0008490495383739471,0.0017068926244974136,0.0003194927703589201,3,3,11.56
efficientnet_b0,int_un,pretrained,0.2,400,0,relu,0.0,0.0034079228838284816,0.0034079228838284816,0.0,True,1.0,0.0008490495383739471,0.0017068926244974136,0.0008519807209571204,3,3,11.56
efficientnet_b0,int_un,pretrained,0.2,400,1,relu,0.0,0.0034079228838284816,0.0034079228838284816,0.0,True,1.0,0.0008490495383739471,0.0017068926244974136,0.0008519807209571204,3,3,11.56
