model,gate_type,rho,n,seed,activation,empirical_shift,bound_total,bound_bias,bound_sampling,sound,L_phi,max_MAD,max_IQR,delta_i,gate_dim,n_gates,extract_sec
bert_base,sep_tar,0.0,400,0,relu,0.0,0.0,0.0,0.0,True,1.0,0.17326906323432922,0.34951357543468475,0.0,1,1,7.72
bert_base,sep_tar,0.0,400,1,relu,0.0,0.0,0.0,0.0,True,1.0,0.17326906323432922,0.34951357543468475,0.0,1,1,7.72
bert_base,sep_tar,0.05,400,0,relu,0.0,0.11617391970422533,0.11617391970422533,0.0,True,1.0,0.17326906323432922,0.34951357543468475,0.029043479926056333,1,1,7.72
bert_base,sep_tar,0.05,400,1,relu,0.0,0.11617391970422533,0.11617391970422533,0.0,True,1.0,0.17326906323432922,0.34951357543468475,0.029043479926056333,1,1,7.72
bert_base,sep_tar,0.1,400,0,relu,0.0,0.261391319334507,0.261391319334507,0.0,True,1.0,0.17326906323432922,0.34951357543468475,0.06534782983362675,1,1,7.72
bert_base,sep_tar,0.1,400,1,relu,0.0,0.261391319334507,0.261391319334507,0.0,True,1.0,0.17326906323432922,0.34951357543468475,0.06534782983362675,1,1,7.72
bert_base,sep_tar,0.2,400,0,relu,0.0,0.697043518225352,0.697043518225352,0.0,True,1.0,0.17326906323432922,0.34951357543468475,0.174260879556338,1,1,7.72
bert_base,sep_tar,0.2,400,1,relu,0.0,0.697043518225352,0.697043518225352,0.0,True,1.0,0.17326906323432922,0.34951357543468475,0.174260879556338,1,1,7.72
bert_base,sha_un,0.0,400,0,relu,0.0,0.0,0.0,0.0,True,1.0,0.10175925493240356,0.2011260837316513,0.0,2,2,7.34
bert_base,sha_un,0.0,400,1,relu,0.0,0.0,0.0,0.0,True,1.0,0.10175925493240356,0.2011260837316513,0.0,2,2,7.34
bert_base,sha_un,0.05,400,0,relu,0.0,0.06730785303645664,0.06730785303645664,0.0,True,1.0,0.10175925493240356,0.2011260837316513,0.01682696325911416,2,2,7.34
bert_base,sha_un,0.05,400,1,relu,0.0,0.06730785303645664,0.06730785303645664,0.0,True,1.0,0.10175925493240356,0.2011260837316513,0.01682696325911416,2,2,7.34
bert_base,sha_un,0.1,400,0,relu,0.0,0.15144266933202744,0.15144266933202744,0.0,True,1.0,0.10175925493240356,0.2011260837316513,0.03786066733300686,2,2,7.34
bert_base,sha_un,0.1,400,1,relu,0.0,0.15144266933202744,0.15144266933202744,0.0,True,1.0,0.10175925493240356,0.2011260837316513,0.03786066733300686,2,2,7.34
bert_base,sha_un,0.2,400,0,relu,0.0,0.40384711821873986,0.40384711821873986,0.0,True,1.0,0.10175925493240356,0.2011260837316513,0.10096177955468497,2,2,7.34
bert_base,sha_un,0.2,400,1,relu,0.0,0.40384711821873986,0.40384711821873986,0.0,True,1.0,0.10175925493240356,0.2011260837316513,0.10096177955468497,2,2,7.34
bert_base,int_un,0.0,400,0,relu,0.0,0.0,0.0,0.0,True,1.0,0.21058952808380127,0.41886676847934723,0.0,3,3,5.74
bert_base,int_un,0.0,400,1,relu,0.0,0.0,0.0,0.0,True,1.0,0.21058952808380127,0.41886676847934723,0.0,3,3,5.74
bert_base,int_un,0.05,400,0,relu,0.020174235105514526,0.13987917701403302,0.13987917701403302,0.0,True,1.0,0.21058952808380127,0.41886676847934723,0.034969794253508255,3,3,5.74
bert_base,int_un,0.05,400,1,relu,0.020174235105514526,0.13987917701403302,0.13987917701403302,0.0,True,1.0,0.21058952808380127,0.41886676847934723,0.034969794253508255,3,3,5.74
bert_base,int_un,0.1,400,0,relu,0.03885564208030701,0.31472814828157425,0.31472814828157425,0.0,True,1.0,0.21058952808380127,0.41886676847934723,0.07868203707039356,3,3,5.74
bert_base,int_un,0.1,400,1,relu,0.03885564208030701,0.31472814828157425,0.31472814828157425,0.0,True,1.0,0.21058952808380127,0.41886676847934723,0.07868203707039356,3,3,5.74
bert_base,int_un,0.2,400,0,relu,0.19134438037872314,0.8392750620841981,0.8392750620841981,0.0,True,1.0,0.21058952808380127,0.41886676847934723,0.20981876552104953,3,3,5.74
bert_base,int_un,0.2,400,1,relu,0.19134438037872314,0.8392750620841981,0.8392750620841981,0.0,True,1.0,0.21058952808380127,0.41886676847934723,0.20981876552104953,3,3,5.74
distilbert,sep_tar,0.0,400,0,relu,0.0,0.0,0.0,0.0,True,1.0,0.2719414234161377,0.5441974550485611,0.0,1,1,3.05
distilbert,sep_tar,0.0,400,1,relu,0.0,0.0,0.0,0.0,True,1.0,0.2719414234161377,0.5441974550485611,0.0,1,1,3.05
distilbert,sep_tar,0.05,400,0,relu,0.0,0.18136419521437752,0.18136419521437752,0.0,True,1.0,0.2719414234161377,0.5441974550485611,0.04534104880359438,1,1,3.05
distilbert,sep_tar,0.05,400,1,relu,0.0,0.18136419521437752,0.18136419521437752,0.0,True,1.0,0.2719414234161377,0.5441974550485611,0.04534104880359438,1,1,3.05
distilbert,sep_tar,0.1,400,0,relu,0.0,0.4080694392323494,0.4080694392323494,0.0,True,1.0,0.2719414234161377,0.5441974550485611,0.10201735980808735,1,1,3.05
distilbert,sep_tar,0.1,400,1,relu,0.0,0.4080694392323494,0.4080694392323494,0.0,True,1.0,0.2719414234161377,0.5441974550485611,0.10201735980808735,1,1,3.05
distilbert,sep_tar,0.2,400,0,relu,0.0,1.0881851712862651,1.0881851712862651,0.0,True,1.0,0.2719414234161377,0.5441974550485611,0.2720462928215663,1,1,3.05
distilbert,sep_tar,0.2,400,1,relu,0.0,1.0881851712862651,1.0881851712862651,0.0,True,1.0,0.2719414234161377,0.5441974550485611,0.2720462928215663,1,1,3.05
distilbert,sha_un,0.0,400,0,relu,0.0,0.0,0.0,0.0,True,1.0,0.17793673276901245,0.355373740196228,0.0,2,2,3.4
distilbert,sha_un,0.0,400,1,relu,0.0,0.0,0.0,0.0,True,1.0,0.17793673276901245,0.355373740196228,0.0,2,2,3.4
distilbert,sha_un,0.05,400,0,relu,0.0,0.11851343843672012,0.11851343843672012,0.0,True,1.0,0.17793673276901245,0.355373740196228,0.02962835960918003,2,2,3.4
distilbert,sha_un,0.05,400,1,relu,0.0,0.11851343843672012,0.11851343843672012,0.0,True,1.0,0.17793673276901245,0.355373740196228,0.02962835960918003,2,2,3.4
distilbert,sha_un,0.1,400,0,relu,0.0,0.26665523648262024,0.26665523648262024,0.0,True,1.0,0.17793673276901245,0.355373740196228,0.06666380912065506,2,2,3.4
distilbert,sha_un,0.1,400,1,relu,0.0,0.26665523648262024,0.26665523648262024,0.0,True,1.0,0.17793673276901245,0.355373740196228,0.06666380912065506,2,2,3.4
distilbert,sha_un,0.2,400,0,relu,0.0,0.7110806306203207,0.7110806306203207,0.0,True,1.0,0.17793673276901245,0.355373740196228,0.17777015765508017,2,2,3.4
distilbert,sha_un,0.2,400,1,relu,0.0,0.7110806306203207,0.7110806306203207,0.0,True,1.0,0.17793673276901245,0.355373740196228,0.17777015765508017,2,2,3.4
distilbert,int_un,0.0,400,0,relu,0.0,0.0,0.0,0.0,True,1.0,0.2983283996582031,0.594168558716774,0.0,3,3,3.21
distilbert,int_un,0.0,400,1,relu,0.0,0.0,0.0,0.0,True,1.0,0.2983283996582031,0.594168558716774,0.0,3,3,3.21
distilbert,int_un,0.05,400,0,relu,0.025736898183822632,0.1983326574166616,0.1983326574166616,0.0,True,1.0,0.2983283996582031,0.594168558716774,0.0495831643541654,3,3,3.21
distilbert,int_un,0.05,400,1,relu,0.025736898183822632,0.1983326574166616,0.1983326574166616,0.0,True,1.0,0.2983283996582031,0.594168558716774,0.0495831643541654,3,3,3.21
distilbert,int_un,0.1,400,0,relu,0.06099259853363037,0.44624847918748856,0.44624847918748856,0.0,True,1.0,0.2983283996582031,0.594168558716774,0.11156211979687214,3,3,3.21
distilbert,int_un,0.1,400,1,relu,0.06099259853363037,0.44624847918748856,0.44624847918748856,0.0,True,1.0,0.2983283996582031,0.594168558716774,0.11156211979687214,3,3,3.21
distilbert,int_un,0.2,400,0,relu,0.18455016613006592,1.1899959444999697,1.1899959444999697,0.0,True,1.0,0.2983283996582031,0.594168558716774,0.2974989861249924,3,3,3.21
distilbert,int_un,0.2,400,1,relu,0.18455016613006592,1.1899959444999697,1.1899959444999697,0.0,True,1.0,0.2983283996582031,0.594168558716774,0.2974989861249924,3,3,3.21
roberta_base,sep_tar,0.0,400,0,relu,0.0,0.0,0.0,0.0,True,1.0,0.18440461158752441,0.3693002015352249,0.0,1,1,5.17
roberta_base,sep_tar,0.0,400,1,relu,0.0,0.0,0.0,0.0,True,1.0,0.18440461158752441,0.3693002015352249,0.0,1,1,5.17
roberta_base,sep_tar,0.05,400,0,relu,0.0,0.12304551402727763,0.12304551402727763,0.0,True,1.0,0.18440461158752441,0.3693002015352249,0.03076137850681941,1,1,5.17
roberta_base,sep_tar,0.05,400,1,relu,0.0,0.12304551402727763,0.12304551402727763,0.0,True,1.0,0.18440461158752441,0.3693002015352249,0.03076137850681941,1,1,5.17
roberta_base,sep_tar,0.1,400,0,relu,0.0,0.27685240656137466,0.27685240656137466,0.0,True,1.0,0.18440461158752441,0.3693002015352249,0.06921310164034367,1,1,5.17
roberta_base,sep_tar,0.1,400,1,relu,0.0,0.27685240656137466,0.27685240656137466,0.0,True,1.0,0.18440461158752441,0.3693002015352249,0.06921310164034367,1,1,5.17
roberta_base,sep_tar,0.2,400,0,relu,0.0,0.7382730841636659,0.7382730841636659,0.0,True,1.0,0.18440461158752441,0.3693002015352249,0.18456827104091647,1,1,5.17
roberta_base,sep_tar,0.2,400,1,relu,0.0,0.7382730841636659,0.7382730841636659,0.0,True,1.0,0.18440461158752441,0.3693002015352249,0.18456827104091647,1,1,5.17
roberta_base,sha_un,0.0,400,0,relu,0.0,0.0,0.0,0.0,True,1.0,0.10325700044631958,0.20571544766426086,0.0,2,2,5.41
roberta_base,sha_un,0.0,400,1,relu,0.0,0.0,0.0,0.0,True,1.0,0.10325700044631958,0.20571544766426086,0.0,2,2,5.41
roberta_base,sha_un,0.05,400,0,relu,0.0,0.06866054402457343,0.06866054402457343,0.0,True,1.0,0.10325700044631958,0.20571544766426086,0.017165136006143358,2,2,5.41
roberta_base,sha_un,0.05,400,1,relu,0.0,0.06866054402457343,0.06866054402457343,0.0,True,1.0,0.10325700044631958,0.20571544766426086,0.017165136006143358,2,2,5.41
roberta_base,sha_un,0.1,400,0,relu,0.0,0.15448622405529022,0.15448622405529022,0.0,True,1.0,0.10325700044631958,0.20571544766426086,0.038621556013822556,2,2,5.41
roberta_base,sha_un,0.1,400,1,relu,0.0,0.15448622405529022,0.15448622405529022,0.0,True,1.0,0.10325700044631958,0.20571544766426086,0.038621556013822556,2,2,5.41
roberta_base,sha_un,0.2,400,0,relu,0.0,0.4119632641474406,0.4119632641474406,0.0,True,1.0,0.10325700044631958,0.20571544766426086,0.10299081603686015,2,2,5.41
roberta_base,sha_un,0.2,400,1,relu,0.0,0.4119632641474406,0.4119632641474406,0.0,True,1.0,0.10325700044631958,0.20571544766426086,0.10299081603686015,2,2,5.41
roberta_base,int_un,0.0,400,0,relu,0.0,0.0,0.0,0.0,True,1.0,0.21755117177963257,0.4319196939468384,0.0,3,3,5.09
roberta_base,int_un,0.0,400,1,relu,0.0,0.0,0.0,0.0,True,1.0,0.21755117177963257,0.4319196939468384,0.0,3,3,5.09
roberta_base,int_un,0.05,400,0,relu,0.0,0.14432685905032688,0.14432685905032688,0.0,True,1.0,0.21755117177963257,0.4319196939468384,0.03608171476258172,3,3,5.09
roberta_base,int_un,0.05,400,1,relu,0.0,0.14432685905032688,0.14432685905032688,0.0,True,1.0,0.21755117177963257,0.4319196939468384,0.03608171476258172,3,3,5.09
roberta_base,int_un,0.1,400,0,relu,0.0,0.3247354328632355,0.3247354328632355,0.0,True,1.0,0.21755117177963257,0.4319196939468384,0.08118385821580887,3,3,5.09
roberta_base,int_un,0.1,400,1,relu,0.0,0.3247354328632355,0.3247354328632355,0.0,True,1.0,0.21755117177963257,0.4319196939468384,0.08118385821580887,3,3,5.09
roberta_base,int_un,0.2,400,0,relu,0.0,0.8659611543019614,0.8659611543019614,0.0,True,1.0,0.21755117177963257,0.4319196939468384,0.21649028857549035,3,3,5.09
roberta_base,int_un,0.2,400,1,relu,0.0,0.8659611543019614,0.8659611543019614,0.0,True,1.0,0.21755117177963257,0.4319196939468384,0.21649028857549035,3,3,5.09
albert_base,sep_tar,0.0,400,0,relu,0.0,0.0,0.0,0.0,True,1.0,0.09585106372833252,0.19144582748413086,0.0,1,1,4.94
albert_base,sep_tar,0.0,400,1,relu,0.0,0.0,0.0,0.0,True,1.0,0.09585106372833252,0.19144582748413086,0.0,1,1,4.94
albert_base,sep_tar,0.05,400,0,relu,0.0,0.06384375360276964,0.06384375360276964,0.0,True,1.0,0.09585106372833252,0.19144582748413086,0.01596093840069241,1,1,4.94
albert_base,sep_tar,0.05,400,1,relu,0.0,0.06384375360276964,0.06384375360276964,0.0,True,1.0,0.09585106372833252,0.19144582748413086,0.01596093840069241,1,1,4.94
albert_base,sep_tar,0.1,400,0,relu,0.0,0.1436484456062317,0.1436484456062317,0.0,True,1.0,0.09585106372833252,0.19144582748413086,0.03591211140155792,1,1,4.94
albert_base,sep_tar,0.1,400,1,relu,0.0,0.1436484456062317,0.1436484456062317,0.0,True,1.0,0.09585106372833252,0.19144582748413086,0.03591211140155792,1,1,4.94
albert_base,sep_tar,0.2,400,0,relu,0.0,0.38306252161661786,0.38306252161661786,0.0,True,1.0,0.09585106372833252,0.19144582748413086,0.09576563040415446,1,1,4.94
albert_base,sep_tar,0.2,400,1,relu,0.0,0.38306252161661786,0.38306252161661786,0.0,True,1.0,0.09585106372833252,0.19144582748413086,0.09576563040415446,1,1,4.94
albert_base,sha_un,0.0,400,0,relu,0.0,0.0,0.0,0.0,True,1.0,0.06138867139816284,0.12145200371742249,0.0,2,2,5.11
albert_base,sha_un,0.0,400,1,relu,0.0,0.0,0.0,0.0,True,1.0,0.06138867139816284,0.12145200371742249,0.0,2,2,5.11
albert_base,sha_un,0.05,400,0,relu,0.0,0.04063126113679674,0.04063126113679674,0.0,True,1.0,0.06138867139816284,0.12145200371742249,0.010157815284199186,2,2,5.11
albert_base,sha_un,0.05,400,1,relu,0.0,0.04063126113679674,0.04063126113679674,0.0,True,1.0,0.06138867139816284,0.12145200371742249,0.010157815284199186,2,2,5.11
albert_base,sha_un,0.1,400,0,relu,0.0,0.09142033755779266,0.09142033755779266,0.0,True,1.0,0.06138867139816284,0.12145200371742249,0.022855084389448166,2,2,5.11
albert_base,sha_un,0.1,400,1,relu,0.0,0.09142033755779266,0.09142033755779266,0.0,True,1.0,0.06138867139816284,0.12145200371742249,0.022855084389448166,2,2,5.11
albert_base,sha_un,0.2,400,0,relu,0.0,0.24378756682078045,0.24378756682078045,0.0,True,1.0,0.06138867139816284,0.12145200371742249,0.060946891705195114,2,2,5.11
albert_base,sha_un,0.2,400,1,relu,0.0,0.24378756682078045,0.24378756682078045,0.0,True,1.0,0.06138867139816284,0.12145200371742249,0.060946891705195114,2,2,5.11
albert_base,int_un,0.0,400,0,relu,0.0,0.0,0.0,0.0,True,1.0,0.11710259318351746,0.23363874852657318,0.0,3,3,4.91
albert_base,int_un,0.0,400,1,relu,0.0,0.0,0.0,0.0,True,1.0,0.11710259318351746,0.23363874852657318,0.0,3,3,4.91
albert_base,int_un,0.05,400,0,relu,0.0,0.07794252038002014,0.07794252038002014,0.0,True,1.0,0.11710259318351746,0.23363874852657318,0.019485630095005035,3,3,4.91
albert_base,int_un,0.05,400,1,relu,0.0,0.07794252038002014,0.07794252038002014,0.0,True,1.0,0.11710259318351746,0.23363874852657318,0.019485630095005035,3,3,4.91
albert_base,int_un,0.1,400,0,relu,0.0,0.17537067085504532,0.17537067085504532,0.0,True,1.0,0.11710259318351746,0.23363874852657318,0.04384266771376133,3,3,4.91
albert_base,int_un,0.1,400,1,relu,0.0,0.17537067085504532,0.17537067085504532,0.0,True,1.0,0.11710259318351746,0.23363874852657318,0.04384266771376133,3,3,4.91
albert_base,int_un,0.2,400,0,relu,0.0,0.4676551222801209,0.4676551222801209,0.0,True,1.0,0.11710259318351746,0.23363874852657318,0.11691378057003023,3,3,4.91
albert_base,int_un,0.2,400,1,relu,0.0,0.4676551222801209,0.4676551222801209,0.0,True,1.0,0.11710259318351746,0.23363874852657318,0.11691378057003023,3,3,4.91
xlnet_base,sep_tar,0.0,400,0,relu,0.0,0.0,0.0,0.0,True,1.0,0.36807626485824585,0.7406559437513351,0.0,1,1,5.93
xlnet_base,sep_tar,0.0,400,1,relu,0.0,0.0,0.0,0.0,True,1.0,0.36807626485824585,0.7406559437513351,0.0,1,1,5.93
xlnet_base,sep_tar,0.05,400,0,relu,0.0,0.24638493524657357,0.24638493524657357,0.0,True,1.0,0.36807626485824585,0.7406559437513351,0.06159623381164339,1,1,5.93
xlnet_base,sep_tar,0.05,400,1,relu,0.0,0.24638493524657357,0.24638493524657357,0.0,True,1.0,0.36807626485824585,0.7406559437513351,0.06159623381164339,1,1,5.93
xlnet_base,sep_tar,0.1,400,0,relu,0.061062783002853394,0.5543661043047905,0.5543661043047905,0.0,True,1.0,0.36807626485824585,0.7406559437513351,0.13859152607619762,1,1,5.93
xlnet_base,sep_tar,0.1,400,1,relu,0.061062783002853394,0.5543661043047905,0.5543661043047905,0.0,True,1.0,0.36807626485824585,0.7406559437513351,0.13859152607619762,1,1,5.93
xlnet_base,sep_tar,0.2,400,0,relu,0.3079929053783417,1.4783096114794414,1.4783096114794414,0.0,True,1.0,0.36807626485824585,0.7406559437513351,0.36957740286986035,1,1,5.93
xlnet_base,sep_tar,0.2,400,1,relu,0.3079929053783417,1.4783096114794414,1.4783096114794414,0.0,True,1.0,0.36807626485824585,0.7406559437513351,0.36957740286986035,1,1,5.93
xlnet_base,sha_un,0.0,400,0,relu,0.0,0.0,0.0,0.0,True,1.0,0.21718481183052063,0.45810478925704956,0.0,2,2,5.66
xlnet_base,sha_un,0.0,400,1,relu,0.0,0.0,0.0,0.0,True,1.0,0.21718481183052063,0.45810478925704956,0.0,2,2,5.66
xlnet_base,sha_un,0.05,400,0,relu,0.0,0.15006435579723784,0.15006435579723784,0.0,True,1.0,0.21718481183052063,0.45810478925704956,0.03751608894930946,2,2,5.66
xlnet_base,sha_un,0.05,400,1,relu,0.0,0.15006435579723784,0.15006435579723784,0.0,True,1.0,0.21718481183052063,0.45810478925704956,0.03751608894930946,2,2,5.66
xlnet_base,sha_un,0.1,400,0,relu,0.0,0.3376448005437851,0.3376448005437851,0.0,True,1.0,0.21718481183052063,0.45810478925704956,0.08441120013594627,2,2,5.66
xlnet_base,sha_un,0.1,400,1,relu,0.0,0.3376448005437851,0.3376448005437851,0.0,True,1.0,0.21718481183052063,0.45810478925704956,0.08441120013594627,2,2,5.66
xlnet_base,sha_un,0.2,400,0,relu,0.0,0.900386134783427,0.900386134783427,0.0,True,1.0,0.21718481183052063,0.45810478925704956,0.22509653369585675,2,2,5.66
xlnet_base,sha_un,0.2,400,1,relu,0.0,0.900386134783427,0.900386134783427,0.0,True,1.0,0.21718481183052063,0.45810478925704956,0.22509653369585675,2,2,5.66
xlnet_base,int_un,0.0,400,0,relu,0.0,0.0,0.0,0.0,True,1.0,0.3955802321434021,0.787669837474823,0.0,3,3,5.62
xlnet_base,int_un,0.0,400,1,relu,0.0,0.0,0.0,0.0,True,1.0,0.3955802321434021,0.787669837474823,0.0,3,3,5.62
xlnet_base,int_un,0.05,400,0,relu,0.058408528566360474,0.26294445991516113,0.26294445991516113,0.0,True,1.0,0.3955802321434021,0.787669837474823,0.06573611497879028,3,3,5.62
xlnet_base,int_un,0.05,400,1,relu,0.058408528566360474,0.26294445991516113,0.26294445991516113,0.0,True,1.0,0.3955802321434021,0.787669837474823,0.06573611497879028,3,3,5.62
xlnet_base,int_un,0.1,400,0,relu,0.1670524820408179,0.5916250348091125,0.5916250348091125,0.0,True,1.0,0.3955802321434021,0.787669837474823,0.14790625870227814,3,3,5.62
xlnet_base,int_un,0.1,400,1,relu,0.1670524820408179,0.5916250348091125,0.5916250348091125,0.0,True,1.0,0.3955802321434021,0.787669837474823,0.14790625870227814,3,3,5.62
xlnet_base,int_un,0.2,400,0,relu,0.37446269392967224,1.577666759490967,1.577666759490967,0.0,True,1.0,0.3955802321434021,0.787669837474823,0.39441668987274175,3,3,5.62
xlnet_base,int_un,0.2,400,1,relu,0.37446269392967224,1.577666759490967,1.577666759490967,0.0,True,1.0,0.3955802321434021,0.787669837474823,0.39441668987274175,3,3,5.62
electra_base,sep_tar,0.0,400,0,relu,0.0,0.0,0.0,0.0,True,1.0,0.16172945499420166,0.32283829152584076,0.0,1,1,16.98
electra_base,sep_tar,0.0,400,1,relu,0.0,0.0,0.0,0.0,True,1.0,0.16172945499420166,0.32283829152584076,0.0,1,1,16.98
electra_base,sep_tar,0.05,400,0,relu,0.03621065616607666,0.10768172144889833,0.10768172144889833,0.0,True,1.0,0.16172945499420166,0.32283829152584076,0.026920430362224582,1,1,16.98
electra_base,sep_tar,0.05,400,1,relu,0.03621065616607666,0.10768172144889833,0.10768172144889833,0.0,True,1.0,0.16172945499420166,0.32283829152584076,0.026920430362224582,1,1,16.98
electra_base,sep_tar,0.1,400,0,relu,0.06275084614753723,0.2422838732600212,0.2422838732600212,0.0,True,1.0,0.16172945499420166,0.32283829152584076,0.0605709683150053,1,1,16.98
electra_base,sep_tar,0.1,400,1,relu,0.06275084614753723,0.2422838732600212,0.2422838732600212,0.0,True,1.0,0.16172945499420166,0.32283829152584076,0.0605709683150053,1,1,16.98
electra_base,sep_tar,0.2,400,0,relu,0.09961673617362976,0.64609032869339,0.64609032869339,0.0,True,1.0,0.16172945499420166,0.32283829152584076,0.1615225821733475,1,1,16.98
electra_base,sep_tar,0.2,400,1,relu,0.09961673617362976,0.64609032869339,0.64609032869339,0.0,True,1.0,0.16172945499420166,0.32283829152584076,0.1615225821733475,1,1,16.98
electra_base,sha_un,0.0,400,0,relu,0.0,0.0,0.0,0.0,True,1.0,0.11298719048500061,0.22403207421302795,0.0,2,2,4.99
electra_base,sha_un,0.0,400,1,relu,0.0,0.0,0.0,0.0,True,1.0,0.11298719048500061,0.22403207421302795,0.0,2,2,4.99
electra_base,sha_un,0.05,400,0,relu,0.0,0.07489316993289524,0.07489316993289524,0.0,True,1.0,0.11298719048500061,0.22403207421302795,0.01872329248322381,2,2,4.99
electra_base,sha_un,0.05,400,1,relu,0.0,0.07489316993289524,0.07489316993289524,0.0,True,1.0,0.11298719048500061,0.22403207421302795,0.01872329248322381,2,2,4.99
electra_base,sha_un,0.1,400,0,relu,0.0,0.16850963234901428,0.16850963234901428,0.0,True,1.0,0.11298719048500061,0.22403207421302795,0.04212740808725357,2,2,4.99
electra_base,sha_un,0.1,400,1,relu,0.0,0.16850963234901428,0.16850963234901428,0.0,True,1.0,0.11298719048500061,0.22403207421302795,0.04212740808725357,2,2,4.99
electra_base,sha_un,0.2,400,0,relu,0.0,0.44935901959737146,0.44935901959737146,0.0,True,1.0,0.11298719048500061,0.22403207421302795,0.11233975489934286,2,2,4.99
electra_base,sha_un,0.2,400,1,relu,0.0,0.44935901959737146,0.44935901959737146,0.0,True,1.0,0.11298719048500061,0.22403207421302795,0.11233975489934286,2,2,4.99
electra_base,int_un,0.0,400,0,relu,0.0,0.0,0.0,0.0,True,1.0,0.1709032952785492,0.335757240653038,0.0,3,3,5.81
electra_base,int_un,0.0,400,1,relu,0.0,0.0,0.0,0.0,True,1.0,0.1709032952785492,0.335757240653038,0.0,3,3,5.81
electra_base,int_un,0.05,400,0,relu,0.0,0.11259123020701939,0.11259123020701939,0.0,True,1.0,0.1709032952785492,0.335757240653038,0.028147807551754847,3,3,5.81
electra_base,int_un,0.05,400,1,relu,0.0,0.11259123020701939,0.11259123020701939,0.0,True,1.0,0.1709032952785492,0.335757240653038,0.028147807551754847,3,3,5.81
electra_base,int_un,0.1,400,0,relu,0.0,0.2533302679657936,0.2533302679657936,0.0,True,1.0,0.1709032952785492,0.335757240653038,0.0633325669914484,3,3,5.81
electra_base,int_un,0.1,400,1,relu,0.0,0.2533302679657936,0.2533302679657936,0.0,True,1.0,0.1709032952785492,0.335757240653038,0.0633325669914484,3,3,5.81
electra_base,int_un,0.2,400,0,relu,0.0,0.6755473812421163,0.6755473812421163,0.0,True,1.0,0.1709032952785492,0.335757240653038,0.16888684531052908,3,3,5.81
electra_base,int_un,0.2,400,1,relu,0.0,0.6755473812421163,0.6755473812421163,0.0,True,1.0,0.1709032952785492,0.335757240653038,0.16888684531052908,3,3,5.81
deberta_base,sep_tar,0.0,400,0,relu,0.0,0.0,0.0,0.0,True,1.0,0.30597907304763794,0.6117660701274872,0.0,1,1,6.23
deberta_base,sep_tar,0.0,400,1,relu,0.0,0.0,0.0,0.0,True,1.0,0.30597907304763794,0.6117660701274872,0.0,1,1,6.23
deberta_base,sep_tar,0.05,400,0,relu,0.0,0.2039433651500278,0.2039433651500278,0.0,True,1.0,0.30597907304763794,0.6117660701274872,0.05098584128750695,1,1,6.23
deberta_base,sep_tar,0.05,400,1,relu,0.0,0.2039433651500278,0.2039433651500278,0.0,True,1.0,0.30597907304763794,0.6117660701274872,0.05098584128750695,1,1,6.23
deberta_base,sep_tar,0.1,400,0,relu,0.0,0.45887257158756256,0.45887257158756256,0.0,True,1.0,0.30597907304763794,0.6117660701274872,0.11471814289689064,1,1,6.23
deberta_base,sep_tar,0.1,400,1,relu,0.0,0.45887257158756256,0.45887257158756256,0.0,True,1.0,0.30597907304763794,0.6117660701274872,0.11471814289689064,1,1,6.23
deberta_base,sep_tar,0.2,400,0,relu,0.0,1.223660190900167,1.223660190900167,0.0,True,1.0,0.30597907304763794,0.6117660701274872,0.30591504772504174,1,1,6.23
deberta_base,sep_tar,0.2,400,1,relu,0.0,1.223660190900167,1.223660190900167,0.0,True,1.0,0.30597907304763794,0.6117660701274872,0.30591504772504174,1,1,6.23
deberta_base,sha_un,0.0,400,0,relu,0.0,0.0,0.0,0.0,True,1.0,0.21986594796180725,0.43892136216163635,0.0,2,2,6.28
deberta_base,sha_un,0.0,400,1,relu,0.0,0.0,0.0,0.0,True,1.0,0.21986594796180725,0.43892136216163635,0.0,2,2,6.28
deberta_base,sha_un,0.05,400,0,relu,0.0,0.14639718002743193,0.14639718002743193,0.0,True,1.0,0.21986594796180725,0.43892136216163635,0.03659929500685798,2,2,6.28
deberta_base,sha_un,0.05,400,1,relu,0.0,0.14639718002743193,0.14639718002743193,0.0,True,1.0,0.21986594796180725,0.43892136216163635,0.03659929500685798,2,2,6.28
deberta_base,sha_un,0.1,400,0,relu,0.0,0.3293936550617218,0.3293936550617218,0.0,True,1.0,0.21986594796180725,0.43892136216163635,0.08234841376543045,2,2,6.28
deberta_base,sha_un,0.1,400,1,relu,0.0,0.3293936550617218,0.3293936550617218,0.0,True,1.0,0.21986594796180725,0.43892136216163635,0.08234841376543045,2,2,6.28
deberta_base,sha_un,0.2,400,0,relu,0.0,0.8783830801645915,0.8783830801645915,0.0,True,1.0,0.21986594796180725,0.43892136216163635,0.2195957700411479,2,2,6.28
deberta_base,sha_un,0.2,400,1,relu,0.0,0.8783830801645915,0.8783830801645915,0.0,True,1.0,0.21986594796180725,0.43892136216163635,0.2195957700411479,2,2,6.28
deberta_base,int_un,0.0,400,0,relu,0.0,0.0,0.0,0.0,True,1.0,0.423142671585083,0.8187636435031891,0.0,3,3,8.05
deberta_base,int_un,0.0,400,1,relu,0.0,0.0,0.0,0.0,True,1.0,0.423142671585083,0.8187636435031891,0.0,3,3,8.05
deberta_base,int_un,0.05,400,0,relu,0.05248618125915527,0.27597918113072717,0.27597918113072717,0.0,True,1.0,0.423142671585083,0.8187636435031891,0.06899479528268179,3,3,8.05
deberta_base,int_un,0.05,400,1,relu,0.05248618125915527,0.27597918113072717,0.27597918113072717,0.0,True,1.0,0.423142671585083,0.8187636435031891,0.06899479528268179,3,3,8.05
deberta_base,int_un,0.1,400,0,relu,0.09254157543182373,0.620953157544136,0.620953157544136,0.0,True,1.0,0.423142671585083,0.8187636435031891,0.155238289386034,3,3,8.05
deberta_base,int_un,0.1,400,1,relu,0.09254157543182373,0.620953157544136,0.620953157544136,0.0,True,1.0,0.423142671585083,0.8187636435031891,0.155238289386034,3,3,8.05
deberta_base,int_un,0.2,400,0,relu,0.3464280962944031,1.655875086784363,1.655875086784363,0.0,True,1.0,0.423142671585083,0.8187636435031891,0.41396877169609075,3,3,8.05
deberta_base,int_un,0.2,400,1,relu,0.3464280962944031,1.655875086784363,1.655875086784363,0.0,True,1.0,0.423142671585083,0.8187636435031891,0.41396877169609075,3,3,8.05
