backbone,gate_type,rho,n,seed,activation,empirical_shift,bound_total,bound_bias,bound_sampling,sound,L_phi,max_MAD,max_IQR,delta_i,gate_dim,n_gates,extract_sec
resnet18,sep_tar,0.0,400,0,relu,0.0,0.0,0.0,0.0,True,1.0,0.0066751837730407715,0.013167411088943481,0.0,1,1,5.18
resnet18,sep_tar,0.0,400,1,relu,0.0,0.0,0.0,0.0,True,1.0,0.0066751837730407715,0.013167411088943481,0.0,1,1,5.18
resnet18,sep_tar,0.05,400,0,relu,0.0009755194187164307,0.00440946552488539,0.00440946552488539,0.0,True,1.0,0.0066751837730407715,0.013167411088943481,0.0011023663812213475,1,1,5.18
resnet18,sep_tar,0.05,400,1,relu,0.0009755194187164307,0.00440946552488539,0.00440946552488539,0.0,True,1.0,0.0066751837730407715,0.013167411088943481,0.0011023663812213475,1,1,5.18
resnet18,sep_tar,0.1,400,0,relu,0.0018886327743530273,0.009921297430992126,0.009921297430992126,0.0,True,1.0,0.0066751837730407715,0.013167411088943481,0.0024803243577480316,1,1,5.18
resnet18,sep_tar,0.1,400,1,relu,0.0018886327743530273,0.009921297430992126,0.009921297430992126,0.0,True,1.0,0.0066751837730407715,0.013167411088943481,0.0024803243577480316,1,1,5.18
resnet18,sep_tar,0.2,400,0,relu,0.0054229795932769775,0.02645679314931234,0.02645679314931234,0.0,True,1.0,0.0066751837730407715,0.013167411088943481,0.006614198287328085,1,1,5.18
resnet18,sep_tar,0.2,400,1,relu,0.0054229795932769775,0.02645679314931234,0.02645679314931234,0.0,True,1.0,0.0066751837730407715,0.013167411088943481,0.006614198287328085,1,1,5.18
resnet18,sha_un,0.0,400,0,relu,0.0,0.0,0.0,0.0,True,1.0,0.0014023929834365845,0.0028033703565597534,0.0,2,2,5.19
resnet18,sha_un,0.0,400,1,relu,0.0,0.0,0.0,0.0,True,1.0,0.0014023929834365845,0.0028033703565597534,0.0,2,2,5.19
resnet18,sha_un,0.05,400,0,relu,0.0,0.0009346140755547418,0.0009346140755547418,0.0,True,1.0,0.0014023929834365845,0.0028033703565597534,0.00023365351888868544,2,2,5.19
resnet18,sha_un,0.05,400,1,relu,0.0,0.0009346140755547418,0.0009346140755547418,0.0,True,1.0,0.0014023929834365845,0.0028033703565597534,0.00023365351888868544,2,2,5.19
resnet18,sha_un,0.1,400,0,relu,0.0,0.002102881669998169,0.002102881669998169,0.0,True,1.0,0.0014023929834365845,0.0028033703565597534,0.0005257204174995422,2,2,5.19
resnet18,sha_un,0.1,400,1,relu,0.0,0.002102881669998169,0.002102881669998169,0.0,True,1.0,0.0014023929834365845,0.0028033703565597534,0.0005257204174995422,2,2,5.19
resnet18,sha_un,0.2,400,0,relu,0.0,0.005607684453328451,0.005607684453328451,0.0,True,1.0,0.0014023929834365845,0.0028033703565597534,0.0014019211133321128,2,2,5.19
resnet18,sha_un,0.2,400,1,relu,0.0,0.005607684453328451,0.005607684453328451,0.0,True,1.0,0.0014023929834365845,0.0028033703565597534,0.0014019211133321128,2,2,5.19
resnet18,int_un,0.0,400,0,relu,0.0,0.0,0.0,0.0,True,1.0,0.005186986178159714,0.010345922783017159,0.0,3,3,4.76
resnet18,int_un,0.0,400,1,relu,0.0,0.0,0.0,0.0,True,1.0,0.005186986178159714,0.010345922783017159,0.0,3,3,4.76
resnet18,int_un,0.05,400,0,relu,0.00032044947147369385,0.003451757546928194,0.003451757546928194,0.0,True,1.0,0.005186986178159714,0.010345922783017159,0.0008629393867320485,3,3,4.76
resnet18,int_un,0.05,400,1,relu,0.00032044947147369385,0.003451757546928194,0.003451757546928194,0.0,True,1.0,0.005186986178159714,0.010345922783017159,0.0008629393867320485,3,3,4.76
resnet18,int_un,0.1,400,0,relu,0.0019503086805343628,0.007766454480588436,0.007766454480588436,0.0,True,1.0,0.005186986178159714,0.010345922783017159,0.001941613620147109,3,3,4.76
resnet18,int_un,0.1,400,1,relu,0.0019503086805343628,0.007766454480588436,0.007766454480588436,0.0,True,1.0,0.005186986178159714,0.010345922783017159,0.001941613620147109,3,3,4.76
resnet18,int_un,0.2,400,0,relu,0.004773557186126709,0.020710545281569164,0.020710545281569164,0.0,True,1.0,0.005186986178159714,0.010345922783017159,0.005177636320392291,3,3,4.76
resnet18,int_un,0.2,400,1,relu,0.004773557186126709,0.020710545281569164,0.020710545281569164,0.0,True,1.0,0.005186986178159714,0.010345922783017159,0.005177636320392291,3,3,4.76
resnet50,sep_tar,0.0,400,0,relu,0.0,0.0,0.0,0.0,True,1.0,0.026656270027160645,0.05285310745239258,0.0,1,1,17.98
resnet50,sep_tar,0.0,400,1,relu,0.0,0.0,0.0,0.0,True,1.0,0.026656270027160645,0.05285310745239258,0.0,1,1,17.98
resnet50,sep_tar,0.05,400,0,relu,0.005598664283752441,0.017668750551011827,0.017668750551011827,0.0,True,1.0,0.026656270027160645,0.05285310745239258,0.004417187637752957,1,1,17.98
resnet50,sep_tar,0.05,400,1,relu,0.005598664283752441,0.017668750551011827,0.017668750551011827,0.0,True,1.0,0.026656270027160645,0.05285310745239258,0.004417187637752957,1,1,17.98
resnet50,sep_tar,0.1,400,0,relu,0.012037277221679688,0.03975468873977661,0.03975468873977661,0.0,True,1.0,0.026656270027160645,0.05285310745239258,0.009938672184944153,1,1,17.98
resnet50,sep_tar,0.1,400,1,relu,0.012037277221679688,0.03975468873977661,0.03975468873977661,0.0,True,1.0,0.026656270027160645,0.05285310745239258,0.009938672184944153,1,1,17.98
resnet50,sep_tar,0.2,400,0,relu,0.025512337684631348,0.10601250330607098,0.10601250330607098,0.0,True,1.0,0.026656270027160645,0.05285310745239258,0.026503125826517746,1,1,17.98
resnet50,sep_tar,0.2,400,1,relu,0.025512337684631348,0.10601250330607098,0.10601250330607098,0.0,True,1.0,0.026656270027160645,0.05285310745239258,0.026503125826517746,1,1,17.98
resnet50,sha_un,0.0,400,0,relu,0.0,0.0,0.0,0.0,True,1.0,0.006624281406402588,0.01335558295249939,0.0,2,2,17.38
resnet50,sha_un,0.0,400,1,relu,0.0,0.0,0.0,0.0,True,1.0,0.006624281406402588,0.01335558295249939,0.0,2,2,17.38
resnet50,sha_un,0.05,400,0,relu,0.0,0.004439969857533773,0.004439969857533773,0.0,True,1.0,0.006624281406402588,0.01335558295249939,0.0011099924643834433,2,2,17.38
resnet50,sha_un,0.05,400,1,relu,0.0,0.004439969857533773,0.004439969857533773,0.0,True,1.0,0.006624281406402588,0.01335558295249939,0.0011099924643834433,2,2,17.38
resnet50,sha_un,0.1,400,0,relu,0.0,0.009989932179450989,0.009989932179450989,0.0,True,1.0,0.006624281406402588,0.01335558295249939,0.002497483044862747,2,2,17.38
resnet50,sha_un,0.1,400,1,relu,0.0,0.009989932179450989,0.009989932179450989,0.0,True,1.0,0.006624281406402588,0.01335558295249939,0.002497483044862747,2,2,17.38
resnet50,sha_un,0.2,400,0,relu,0.0,0.02663981914520264,0.02663981914520264,0.0,True,1.0,0.006624281406402588,0.01335558295249939,0.00665995478630066,2,2,17.38
resnet50,sha_un,0.2,400,1,relu,0.0,0.02663981914520264,0.02663981914520264,0.0,True,1.0,0.006624281406402588,0.01335558295249939,0.00665995478630066,2,2,17.38
resnet50,int_un,0.0,400,0,relu,0.0,0.0,0.0,0.0,True,1.0,0.025768637657165527,0.05177885293960571,0.0,3,3,17.43
resnet50,int_un,0.0,400,1,relu,0.0,0.0,0.0,0.0,True,1.0,0.025768637657165527,0.05177885293960571,0.0,3,3,17.43
resnet50,int_un,0.05,400,0,relu,0.0020874440670013428,0.017232775688171387,0.017232775688171387,0.0,True,1.0,0.025768637657165527,0.05177885293960571,0.004308193922042847,3,3,17.43
resnet50,int_un,0.05,400,1,relu,0.0020874440670013428,0.017232775688171387,0.017232775688171387,0.0,True,1.0,0.025768637657165527,0.05177885293960571,0.004308193922042847,3,3,17.43
resnet50,int_un,0.1,400,0,relu,0.005852758884429932,0.03877374529838562,0.03877374529838562,0.0,True,1.0,0.025768637657165527,0.05177885293960571,0.009693436324596405,3,3,17.43
resnet50,int_un,0.1,400,1,relu,0.005852758884429932,0.03877374529838562,0.03877374529838562,0.0,True,1.0,0.025768637657165527,0.05177885293960571,0.009693436324596405,3,3,17.43
resnet50,int_un,0.2,400,0,relu,0.014178663492202759,0.10339665412902833,0.10339665412902833,0.0,True,1.0,0.025768637657165527,0.05177885293960571,0.025849163532257084,3,3,17.43
resnet50,int_un,0.2,400,1,relu,0.014178663492202759,0.10339665412902833,0.10339665412902833,0.0,True,1.0,0.025768637657165527,0.05177885293960571,0.025849163532257084,3,3,17.43
mobilenet_v2,sep_tar,0.0,400,0,relu,0.0,0.0,0.0,0.0,True,1.0,0.0,0.0,0.0,1,1,6.72
mobilenet_v2,sep_tar,0.0,400,1,relu,0.0,0.0,0.0,0.0,True,1.0,0.0,0.0,0.0,1,1,6.72
mobilenet_v2,sep_tar,0.05,400,0,relu,0.0,0.0,0.0,0.0,True,1.0,0.0,0.0,0.0,1,1,6.72
mobilenet_v2,sep_tar,0.05,400,1,relu,0.0,0.0,0.0,0.0,True,1.0,0.0,0.0,0.0,1,1,6.72
mobilenet_v2,sep_tar,0.1,400,0,relu,0.0,0.0,0.0,0.0,True,1.0,0.0,0.0,0.0,1,1,6.72
mobilenet_v2,sep_tar,0.1,400,1,relu,0.0,0.0,0.0,0.0,True,1.0,0.0,0.0,0.0,1,1,6.72
mobilenet_v2,sep_tar,0.2,400,0,relu,0.0,0.0,0.0,0.0,True,1.0,0.0,0.0,0.0,1,1,6.72
mobilenet_v2,sep_tar,0.2,400,1,relu,0.0,0.0,0.0,0.0,True,1.0,0.0,0.0,0.0,1,1,6.72
mobilenet_v2,sha_un,0.0,400,0,relu,0.0,0.0,0.0,0.0,True,1.0,0.0,0.0,0.0,2,2,7.02
mobilenet_v2,sha_un,0.0,400,1,relu,0.0,0.0,0.0,0.0,True,1.0,0.0,0.0,0.0,2,2,7.02
mobilenet_v2,sha_un,0.05,400,0,relu,0.0,0.0,0.0,0.0,True,1.0,0.0,0.0,0.0,2,2,7.02
mobilenet_v2,sha_un,0.05,400,1,relu,0.0,0.0,0.0,0.0,True,1.0,0.0,0.0,0.0,2,2,7.02
mobilenet_v2,sha_un,0.1,400,0,relu,0.0,0.0,0.0,0.0,True,1.0,0.0,0.0,0.0,2,2,7.02
mobilenet_v2,sha_un,0.1,400,1,relu,0.0,0.0,0.0,0.0,True,1.0,0.0,0.0,0.0,2,2,7.02
mobilenet_v2,sha_un,0.2,400,0,relu,0.0,0.0,0.0,0.0,True,1.0,0.0,0.0,0.0,2,2,7.02
mobilenet_v2,sha_un,0.2,400,1,relu,0.0,0.0,0.0,0.0,True,1.0,0.0,0.0,0.0,2,2,7.02
mobilenet_v2,int_un,0.0,400,0,relu,0.0,0.0,0.0,0.0,True,1.0,0.0,0.0,0.0,3,3,7.1
mobilenet_v2,int_un,0.0,400,1,relu,0.0,0.0,0.0,0.0,True,1.0,0.0,0.0,0.0,3,3,7.1
mobilenet_v2,int_un,0.05,400,0,relu,0.0,0.0,0.0,0.0,True,1.0,0.0,0.0,0.0,3,3,7.1
mobilenet_v2,int_un,0.05,400,1,relu,0.0,0.0,0.0,0.0,True,1.0,0.0,0.0,0.0,3,3,7.1
mobilenet_v2,int_un,0.1,400,0,relu,0.0,0.0,0.0,0.0,True,1.0,0.0,0.0,0.0,3,3,7.1
mobilenet_v2,int_un,0.1,400,1,relu,0.0,0.0,0.0,0.0,True,1.0,0.0,0.0,0.0,3,3,7.1
mobilenet_v2,int_un,0.2,400,0,relu,0.0,0.0,0.0,0.0,True,1.0,0.0,0.0,0.0,3,3,7.1
mobilenet_v2,int_un,0.2,400,1,relu,0.0,0.0,0.0,0.0,True,1.0,0.0,0.0,0.0,3,3,7.1
efficientnet_b0,sep_tar,0.0,400,0,relu,0.0,0.0,0.0,0.0,True,1.0,0.0,0.0,0.0,1,1,7.36
efficientnet_b0,sep_tar,0.0,400,1,relu,0.0,0.0,0.0,0.0,True,1.0,0.0,0.0,0.0,1,1,7.36
efficientnet_b0,sep_tar,0.05,400,0,relu,0.0,0.0,0.0,0.0,True,1.0,0.0,0.0,0.0,1,1,7.36
efficientnet_b0,sep_tar,0.05,400,1,relu,0.0,0.0,0.0,0.0,True,1.0,0.0,0.0,0.0,1,1,7.36
efficientnet_b0,sep_tar,0.1,400,0,relu,0.0,0.0,0.0,0.0,True,1.0,0.0,0.0,0.0,1,1,7.36
efficientnet_b0,sep_tar,0.1,400,1,relu,0.0,0.0,0.0,0.0,True,1.0,0.0,0.0,0.0,1,1,7.36
efficientnet_b0,sep_tar,0.2,400,0,relu,0.0,0.0,0.0,0.0,True,1.0,0.0,0.0,0.0,1,1,7.36
efficientnet_b0,sep_tar,0.2,400,1,relu,0.0,0.0,0.0,0.0,True,1.0,0.0,0.0,0.0,1,1,7.36
efficientnet_b0,sha_un,0.0,400,0,relu,0.0,0.0,0.0,0.0,True,1.0,0.0,0.0,0.0,2,2,7.5
efficientnet_b0,sha_un,0.0,400,1,relu,0.0,0.0,0.0,0.0,True,1.0,0.0,0.0,0.0,2,2,7.5
efficientnet_b0,sha_un,0.05,400,0,relu,0.0,0.0,0.0,0.0,True,1.0,0.0,0.0,0.0,2,2,7.5
efficientnet_b0,sha_un,0.05,400,1,relu,0.0,0.0,0.0,0.0,True,1.0,0.0,0.0,0.0,2,2,7.5
efficientnet_b0,sha_un,0.1,400,0,relu,0.0,0.0,0.0,0.0,True,1.0,0.0,0.0,0.0,2,2,7.5
efficientnet_b0,sha_un,0.1,400,1,relu,0.0,0.0,0.0,0.0,True,1.0,0.0,0.0,0.0,2,2,7.5
efficientnet_b0,sha_un,0.2,400,0,relu,0.0,0.0,0.0,0.0,True,1.0,0.0,0.0,0.0,2,2,7.5
efficientnet_b0,sha_un,0.2,400,1,relu,0.0,0.0,0.0,0.0,True,1.0,0.0,0.0,0.0,2,2,7.5
efficientnet_b0,int_un,0.0,400,0,relu,0.0,0.0,0.0,0.0,True,1.0,0.0,0.0,0.0,3,3,7.15
efficientnet_b0,int_un,0.0,400,1,relu,0.0,0.0,0.0,0.0,True,1.0,0.0,0.0,0.0,3,3,7.15
efficientnet_b0,int_un,0.05,400,0,relu,0.0,0.0,0.0,0.0,True,1.0,0.0,0.0,0.0,3,3,7.15
efficientnet_b0,int_un,0.05,400,1,relu,0.0,0.0,0.0,0.0,True,1.0,0.0,0.0,0.0,3,3,7.15
efficientnet_b0,int_un,0.1,400,0,relu,0.0,0.0,0.0,0.0,True,1.0,0.0,0.0,0.0,3,3,7.15
efficientnet_b0,int_un,0.1,400,1,relu,0.0,0.0,0.0,0.0,True,1.0,0.0,0.0,0.0,3,3,7.15
efficientnet_b0,int_un,0.2,400,0,relu,0.0,0.0,0.0,0.0,True,1.0,0.0,0.0,0.0,3,3,7.15
efficientnet_b0,int_un,0.2,400,1,relu,0.0,0.0,0.0,0.0,True,1.0,0.0,0.0,0.0,3,3,7.15
