model_name,ground_truth_class,panel,n_syntactic,n_admitted_phaseC,additive_reject_count,trigger_eta,ibp_box_lb,ibp_box_ub,epsilon_phaseC,epsilon_blowup,verdict_phaseC,verify_time_sec
op_sep_tar,backdoor-add-DGP,backdoor,1,1,1,0.05,0.0,1.0,0.9999999403953552,False,add-DGP-CERTIFIED-POSITIVE,3.288559675216675
op_sep_un,backdoor-add-DGP,backdoor,1,1,1,0.05,0.0,1.0,0.9999999403953552,False,add-DGP-CERTIFIED-POSITIVE,2.792680263519287
op_sha_tar,backdoor-add-DGP,backdoor,1,1,1,0.05,0.0,1.0,21738.096549267077,False,add-DGP-CERTIFIED-POSITIVE,2.93432354927063
op_sha_un,backdoor-add-DGP,backdoor,1,1,1,0.05,0.0,1.0,10807.332821095566,False,add-DGP-CERTIFIED-POSITIVE,2.9389524459838867
op_int_tar,backdoor-add-DGP,backdoor,2,2,2,0.05,0.0,1.0,6.999999642372131,False,add-DGP-CERTIFIED-POSITIVE,2.871284008026123
op_int_un,backdoor-add-DGP,backdoor,3,3,3,0.05,0.0,1.0,25330.098303332776,True,UNCERTIFIED,3.3045566082000732
con_sep_tar,backdoor-add-DGP,backdoor,0,0,0,0.05,0.0,1.0,0.0,False,add-DGP-CLASS-NEGATIVE,0.01304769515991211
con_sep_un,backdoor-add-DGP,backdoor,0,0,0,0.05,0.0,1.0,0.0,False,add-DGP-CLASS-NEGATIVE,0.02154850959777832
con_sha_tar,backdoor-add-DGP,backdoor,0,0,0,0.05,0.0,1.0,0.0,False,add-DGP-CLASS-NEGATIVE,0.010951995849609375
con_sha_un,backdoor-add-DGP,backdoor,0,0,0,0.05,0.0,1.0,0.0,False,add-DGP-CLASS-NEGATIVE,0.009824037551879883
op_sep_un_L01,backdoor-add-DGP,backdoor,0,0,0,0.05,0.0,1.0,0.0,False,add-DGP-CLASS-NEGATIVE,0.013344049453735352
op_sep_un_L001,backdoor-add-DGP,backdoor,0,0,0,0.05,0.0,1.0,0.0,False,add-DGP-CLASS-NEGATIVE,0.014177560806274414
op_sep_un_L0001,backdoor-add-DGP,backdoor,0,0,0,0.05,0.0,1.0,0.0,False,add-DGP-CLASS-NEGATIVE,0.01637864112854004
op_sha_tar_L01,backdoor-add-DGP,backdoor,0,0,0,0.05,0.0,1.0,0.0,False,add-DGP-CLASS-NEGATIVE,0.010090112686157227
op_sha_tar_L001,backdoor-add-DGP,backdoor,0,0,0,0.05,0.0,1.0,0.0,False,add-DGP-CLASS-NEGATIVE,0.010369539260864258
op_sha_tar_L0001,backdoor-add-DGP,backdoor,0,0,0,0.05,0.0,1.0,0.0,False,add-DGP-CLASS-NEGATIVE,0.014353275299072266
op_int_tar_L01,backdoor-add-DGP,backdoor,1,1,1,0.05,0.0,1.0,1.0,False,add-DGP-CERTIFIED-POSITIVE,3.798978805541992
op_int_tar_L001,backdoor-add-DGP,backdoor,1,1,1,0.05,0.0,1.0,1.0,False,add-DGP-CERTIFIED-POSITIVE,4.533074855804443
op_int_tar_L0001,backdoor-add-DGP,backdoor,1,1,1,0.05,0.0,1.0,1.0,False,add-DGP-CERTIFIED-POSITIVE,3.508347511291504
H1_SignGated,backdoor-add-DGP,backdoor,0,0,0,0.05,0.0,1.0,0.0,False,add-DGP-CLASS-NEGATIVE,0.0005314350128173828
H2_AvgPoolGated,backdoor-add-DGP,backdoor,1,1,1,0.05,0.0,1.0,10.000002384185791,False,add-DGP-CERTIFIED-POSITIVE,0.04583406448364258
H3_MulIndicatorGated,backdoor-add-DGP,backdoor,1,1,0,0.05,0.0,1.0,30.25539942332879,False,add-DGP-CERTIFIED-POSITIVE,0.03322243690490723
alexnet,clean,clean,0,0,0,0.05,0.0,1.0,0.0,False,add-DGP-CLASS-NEGATIVE,0.22884058952331543
attention_pool,clean,clean,1,1,1,0.05,0.0,0.0,0.0,False,add-DGP-CLASS-NEGATIVE,0.01320958137512207
avgpool_net,clean,clean,0,0,0,0.05,0.0,1.0,0.0,False,add-DGP-CLASS-NEGATIVE,0.0009846687316894531
bottleneck_net,clean,clean,0,0,0,0.05,0.0,1.0,0.0,False,add-DGP-CLASS-NEGATIVE,0.0007717609405517578
cifar_conv,clean,clean,0,0,0,0.05,0.0,1.0,0.0,False,add-DGP-CLASS-NEGATIVE,0.0009963512420654297
cifar_mlp,clean,clean,0,0,0,0.05,0.0,1.0,0.0,False,add-DGP-CLASS-NEGATIVE,0.0015912055969238281
conv_batchnorm,clean,clean,0,0,0,0.05,0.0,1.0,0.0,False,add-DGP-CLASS-NEGATIVE,0.0008187294006347656
conv_deep,clean,clean,0,0,0,0.05,0.0,1.0,0.0,False,add-DGP-CLASS-NEGATIVE,0.0008089542388916016
conv_dropout,clean,clean,0,0,0,0.05,0.0,1.0,0.0,False,add-DGP-CLASS-NEGATIVE,0.0007534027099609375
conv_groupnorm,clean,clean,0,0,0,0.05,0.0,1.0,0.0,False,add-DGP-CLASS-NEGATIVE,0.0010042190551757812
densenet121,clean,clean,0,0,0,0.05,0.0,1.0,0.0,False,add-DGP-CLASS-NEGATIVE,0.012582778930664062
densenet169,clean,clean,0,0,0,0.05,0.0,1.0,0.0,False,add-DGP-CLASS-NEGATIVE,0.025333881378173828
depthwise_separable,clean,clean,0,0,0,0.05,0.0,1.0,0.0,False,add-DGP-CLASS-NEGATIVE,0.0009243488311767578
dilated_conv,clean,clean,0,0,0,0.05,0.0,1.0,0.0,False,add-DGP-CLASS-NEGATIVE,0.000820159912109375
efficientnet_b0,clean,clean,65,65,65,0.05,0.0,0.0,0.0,False,add-DGP-CLASS-NEGATIVE,0.9629325866699219
elu_net,clean,clean,0,0,0,0.05,0.0,1.0,0.0,False,add-DGP-CLASS-NEGATIVE,0.000919342041015625
gated_attention,clean,clean,0,0,0,0.05,0.0,1.0,0.0,False,add-DGP-CLASS-NEGATIVE,0.00077056884765625
gated_residual,clean,clean,2,2,2,0.05,0.0,0.0,0.0,False,add-DGP-CLASS-NEGATIVE,0.00648188591003418
gated_sigmoid_highway,clean,clean,2,2,2,0.05,0.0,0.0,0.0,False,add-DGP-CLASS-NEGATIVE,0.014203548431396484
gated_softmax_attn,clean,clean,1,1,1,0.05,0.0,0.0,0.0,False,add-DGP-CLASS-NEGATIVE,0.00835871696472168
gelu_net,clean,clean,0,0,0,0.05,0.0,1.0,0.0,False,add-DGP-CLASS-NEGATIVE,0.0010840892791748047
glu_net,clean,clean,1,1,1,0.05,0.0,0.0,0.0,False,add-DGP-CLASS-NEGATIVE,0.008644580841064453
googlenet,clean,clean,0,0,0,0.05,0.0,1.0,0.0,False,add-DGP-CLASS-NEGATIVE,0.012141227722167969
highway_net,clean,clean,2,2,2,0.05,0.0,0.0,0.0,False,add-DGP-CLASS-NEGATIVE,0.008345603942871094
inception_v3,clean,clean,0,0,0,0.05,0.0,1.0,0.0,False,add-DGP-CLASS-NEGATIVE,0.03439164161682129
leaky_relu_net,clean,clean,0,0,0,0.05,0.0,1.0,0.0,False,add-DGP-CLASS-NEGATIVE,0.0011208057403564453
linear_classifier,clean,clean,0,0,0,0.05,0.0,1.0,0.0,False,add-DGP-CLASS-NEGATIVE,0.0007936954498291016
maxpool_heavy,clean,clean,0,0,0,0.05,0.0,1.0,0.0,False,add-DGP-CLASS-NEGATIVE,0.0009024143218994141
mlp_3layer,clean,clean,0,0,0,0.05,0.0,1.0,0.0,False,add-DGP-CLASS-NEGATIVE,0.0014259815216064453
mlp_deep6,clean,clean,0,0,0,0.05,0.0,1.0,0.0,False,add-DGP-CLASS-NEGATIVE,0.0036864280700683594
mlp_tiny,clean,clean,0,0,0,0.05,0.0,1.0,0.0,False,add-DGP-CLASS-NEGATIVE,0.0007913112640380859
mnasnet,clean,clean,0,0,0,0.05,0.0,1.0,0.0,False,add-DGP-CLASS-NEGATIVE,0.006038665771484375
mobilenet_v2,clean,clean,0,0,0,0.05,0.0,1.0,0.0,False,add-DGP-CLASS-NEGATIVE,0.00718998908996582
mobilenet_v3_small,clean,clean,9,9,9,0.05,0.0,1.0,0.0,True,UNCERTIFIED,4.697749853134155
multi_head_concat,clean,clean,0,0,0,0.05,0.0,1.0,0.0,False,add-DGP-CLASS-NEGATIVE,0.0020384788513183594
pruned_channel,clean,clean,0,0,0,0.05,0.0,1.0,0.0,False,add-DGP-CLASS-NEGATIVE,0.001588582992553711
regnet_y_400mf,clean,clean,32,32,32,0.05,0.0,0.0,0.0,False,add-DGP-CLASS-NEGATIVE,0.2749154567718506
resnet101,clean,clean,0,0,0,0.05,0.0,1.0,0.0,False,add-DGP-CLASS-NEGATIVE,0.10942959785461426
resnet18,clean,clean,0,0,0,0.05,0.0,1.0,0.0,False,add-DGP-CLASS-NEGATIVE,0.016545534133911133
resnet34,clean,clean,0,0,0,0.05,0.0,1.0,0.0,False,add-DGP-CLASS-NEGATIVE,0.02692580223083496
resnet50,clean,clean,0,0,0,0.05,0.0,1.0,0.0,False,add-DGP-CLASS-NEGATIVE,0.0656592845916748
resnext50_32x4d,clean,clean,0,0,0,0.05,0.0,1.0,0.0,False,add-DGP-CLASS-NEGATIVE,0.0284426212310791
shufflenet_v2,clean,clean,0,0,0,0.05,0.0,1.0,0.0,False,add-DGP-CLASS-NEGATIVE,0.007808685302734375
small_resnet,clean,clean,0,0,0,0.05,0.0,1.0,0.0,False,add-DGP-CLASS-NEGATIVE,0.0012671947479248047
squeezenet1_0,clean,clean,0,0,0,0.05,0.0,1.0,0.0,False,add-DGP-CLASS-NEGATIVE,0.004621267318725586
strided_conv,clean,clean,0,0,0,0.05,0.0,1.0,0.0,False,add-DGP-CLASS-NEGATIVE,0.0008952617645263672
vgg11,clean,clean,0,0,0,0.05,0.0,1.0,0.0,False,add-DGP-CLASS-NEGATIVE,0.4965033531188965
vgg16,clean,clean,0,0,0,0.05,0.0,1.0,0.0,False,add-DGP-CLASS-NEGATIVE,0.5299489498138428
wide_resnet50,clean,clean,0,0,0,0.05,0.0,1.0,0.0,False,add-DGP-CLASS-NEGATIVE,0.21013998985290527
